STRUCTURE,STRUCTURE_ID,STRUCTURE_NAME,freq,Time frequency,na_item,National accounts indicator (ESA 2010),unit,Unit of measure,geo,Geopolitical entity (reporting),TIME_PERIOD,Time,OBS_VALUE,Observation value,OBS_FLAG,Observation status (Flag) V2 structure,CONF_STATUS,Confidentiality status (flag)
dataflow,ESTAT:TEC00001(1.0),Gross domestic product at market prices,A,Annual,B1GQ,Gross domestic product at market prices,CP_EUR_HAB,"Current prices, euro per capita",AL,Albania,2020,,4710,,,,,
dataflow,ESTAT:TEC00001(1.0),Gross domestic product at market prices,A,Annual,B1GQ,Gross domestic product at market prices,CP_EUR_HAB,"Current prices, euro per capita",AL,Albania,2021,,5420,,,,,
dataflow,ESTAT:TEC00001(1.0),Gross domestic product at market prices,A,Annual,B1GQ,Gross domestic product at market prices,CP_EUR_HAB,"Current prices, euro per capita",AL,Albania,2022,,6500,,,,,
dataflow,ESTAT:TEC00001(1.0),Gross domestic product at market prices,A,Annual,B1GQ,Gross domestic product at market prices,CP_EUR_HAB,"Current prices, euro per capita",AT,Austria,2020,,42650,,,,,
dataflow,ESTAT:TEC00001(1.0),Gross domestic product at market prices,A,Annual,B1GQ,Gross domestic product at market prices,CP_EUR_HAB,"Current prices, euro per capita",AT,Austria,2021,,45380,,,,,
dataflow,ESTAT:TEC00001(1.0),Gross domestic product at market prices,A,Annual,B1GQ,Gross domestic product at market prices,CP_EUR_HAB,"Current prices, euro per capita",AT,Austria,2022,,49490,,,,,
dataflow,ESTAT:TEC00001(1.0),Gross domestic product at market prices,A,Annual,B1GQ,Gross domestic product at market prices,CP_EUR_HAB,"Current prices, euro per capita",AT,Austria,2023,,51830,,,,,
dataflow,ESTAT:TEC00001(1.0),Gross domestic product at market prices,A,Annual,B1GQ,Gross domestic product at market prices,CP_EUR_HAB,"Current prices, euro per capita",AT,Austria,2024,,52760,,,,,
dataflow,ESTAT:TEC00001(1.0),Gross domestic product at market prices,A,Annual,B1GQ,Gross domestic product at market prices,CP_EUR_HAB,"Current prices, euro per capita",BE,Belgium,2020,,40190,,,,,
dataflow,ESTAT:TEC00001(1.0),Gross domestic product at market prices,A,Annual,B1GQ,Gross domestic product at market prices,CP_EUR_HAB,"Current prices, euro per capita",BE,Belgium,2021,,43680,,,,,
dataflow,ESTAT:TEC00001(1.0),Gross domestic product at market prices,A,Annual,B1GQ,Gross domestic product at market prices,CP_EUR_HAB,"Current prices, euro per capita",BE,Belgium,2022,,48260,,,,,
dataflow,ESTAT:TEC00001(1.0),Gross domestic product at market prices,A,Annual,B1GQ,Gross domestic product at market prices,CP_EUR_HAB,"Current prices, euro per capita",BE,Belgium,2023,,50610,,p,provisional,,
dataflow,ESTAT:TEC00001(1.0),Gross domestic product at market prices,A,Annual,B1GQ,Gross domestic product at market prices,CP_EUR_HAB,"Current prices, euro per capita",BE,Belgium,2024,,51810,,p,provisional,,
dataflow,ESTAT:TEC00001(1.0),Gross domestic product at market prices,A,Annual,B1GQ,Gross domestic product at market prices,CP_EUR_HAB,"Current prices, euro per capita",BG,Bulgaria,2020,,9450,,,,,
dataflow,ESTAT:TEC00001(1.0),Gross domestic product at market prices,A,Annual,B1GQ,Gross domestic product at market prices,CP_EUR_HAB,"Current prices, euro per capita",BG,Bulgaria,2021,,10970,,,,,
dataflow,ESTAT:TEC00001(1.0),Gross domestic product at market prices,A,Annual,B1GQ,Gross domestic product at market prices,CP_EUR_HAB,"Current prices, euro per capita",BG,Bulgaria,2022,,13310,,,,,
dataflow,ESTAT:TEC00001(1.0),Gross domestic product at market prices,A,Annual,B1GQ,Gross domestic product at market prices,CP_EUR_HAB,"Current prices, euro per capita",BG,Bulgaria,2023,,14690,,,,,
dataflow,ESTAT:TEC00001(1.0),Gross domestic product at market prices,A,Annual,B1GQ,Gross domestic product at market prices,CP_EUR_HAB,"Current prices, euro per capita",BG,Bulgaria,2024,,16110,,p,provisional,,
dataflow,ESTAT:TEC00001(1.0),Gross domestic product at market prices,A,Annual,B1GQ,Gross domestic product at market prices,CP_EUR_HAB,"Current prices, euro per capita",CH,Switzerland,2020,,75280,,,,,
dataflow,ESTAT:TEC00001(1.0),Gross domestic product at market prices,A,Annual,B1GQ,Gross domestic product at market prices,CP_EUR_HAB,"Current prices, euro per capita",CH,Switzerland,2021,,79140,,,,,
dataflow,ESTAT:TEC00001(1.0),Gross domestic product at market prices,A,Annual,B1GQ,Gross domestic product at market prices,CP_EUR_HAB,"Current prices, euro per capita",CH,Switzerland,2022,,89660,,,,,
dataflow,ESTAT:TEC00001(1.0),Gross domestic product at market prices,A,Annual,B1GQ,Gross domestic product at market prices,CP_EUR_HAB,"Current prices, euro per capita",CH,Switzerland,2023,,92760,,,,,
dataflow,ESTAT:TEC00001(1.0),Gross domestic product at market prices,A,Annual,B1GQ,Gross domestic product at market prices,CP_EUR_HAB,"Current prices, euro per capita",CH,Switzerland,2024,,96020,,,,,
dataflow,ESTAT:TEC00001(1.0),Gross domestic product at market prices,A,Annual,B1GQ,Gross domestic product at market prices,CP_EUR_HAB,"Current prices, euro per capita",CY,Cyprus,2020,,24630,,,,,
dataflow,ESTAT:TEC00001(1.0),Gross domestic product at market prices,A,Annual,B1GQ,Gross domestic product at market prices,CP_EUR_HAB,"Current prices, euro per capita",CY,Cyprus,2021,,27850,,,,,
dataflow,ESTAT:TEC00001(1.0),Gross domestic product at market prices,A,Annual,B1GQ,Gross domestic product at market prices,CP_EUR_HAB,"Current prices, euro per capita",CY,Cyprus,2022,,31270,,,,,
dataflow,ESTAT:TEC00001(1.0),Gross domestic product at market prices,A,Annual,B1GQ,Gross domestic product at market prices,CP_EUR_HAB,"Current prices, euro per capita",CY,Cyprus,2023,,32720,,p,provisional,,
dataflow,ESTAT:TEC00001(1.0),Gross domestic product at market prices,A,Annual,B1GQ,Gross domestic product at market prices,CP_EUR_HAB,"Current prices, euro per capita",CY,Cyprus,2024,,34490,,p,provisional,,
dataflow,ESTAT:TEC00001(1.0),Gross domestic product at market prices,A,Annual,B1GQ,Gross domestic product at market prices,CP_EUR_HAB,"Current prices, euro per capita",CZ,Czechia,2020,,20980,,,,,
dataflow,ESTAT:TEC00001(1.0),Gross domestic product at market prices,A,Annual,B1GQ,Gross domestic product at market prices,CP_EUR_HAB,"Current prices, euro per capita",CZ,Czechia,2021,,23430,,,,,
dataflow,ESTAT:TEC00001(1.0),Gross domestic product at market prices,A,Annual,B1GQ,Gross domestic product at market prices,CP_EUR_HAB,"Current prices, euro per capita",CZ,Czechia,2022,,26670,,,,,
dataflow,ESTAT:TEC00001(1.0),Gross domestic product at market prices,A,Annual,B1GQ,Gross domestic product at market prices,CP_EUR_HAB,"Current prices, euro per capita",CZ,Czechia,2023,,29180,,,,,
dataflow,ESTAT:TEC00001(1.0),Gross domestic product at market prices,A,Annual,B1GQ,Gross domestic product at market prices,CP_EUR_HAB,"Current prices, euro per capita",CZ,Czechia,2024,,29280,,,,,
dataflow,ESTAT:TEC00001(1.0),Gross domestic product at market prices,A,Annual,B1GQ,Gross domestic product at market prices,CP_EUR_HAB,"Current prices, euro per capita",DE,Germany,2020,,41480,,,,,
dataflow,ESTAT:TEC00001(1.0),Gross domestic product at market prices,A,Annual,B1GQ,Gross domestic product at market prices,CP_EUR_HAB,"Current prices, euro per capita",DE,Germany,2021,,44190,,p,provisional,,
dataflow,ESTAT:TEC00001(1.0),Gross domestic product at market prices,A,Annual,B1GQ,Gross domestic product at market prices,CP_EUR_HAB,"Current prices, euro per capita",DE,Germany,2022,,47180,,p,provisional,,
dataflow,ESTAT:TEC00001(1.0),Gross domestic product at market prices,A,Annual,B1GQ,Gross domestic product at market prices,CP_EUR_HAB,"Current prices, euro per capita",DE,Germany,2023,,49520,,p,provisional,,
dataflow,ESTAT:TEC00001(1.0),Gross domestic product at market prices,A,Annual,B1GQ,Gross domestic product at market prices,CP_EUR_HAB,"Current prices, euro per capita",DE,Germany,2024,,50830,,p,provisional,,
dataflow,ESTAT:TEC00001(1.0),Gross domestic product at market prices,A,Annual,B1GQ,Gross domestic product at market prices,CP_EUR_HAB,"Current prices, euro per capita",DK,Denmark,2020,,53540,,,,,
dataflow,ESTAT:TEC00001(1.0),Gross domestic product at market prices,A,Annual,B1GQ,Gross domestic product at market prices,CP_EUR_HAB,"Current prices, euro per capita",DK,Denmark,2021,,58640,,,,,
dataflow,ESTAT:TEC00001(1.0),Gross domestic product at market prices,A,Annual,B1GQ,Gross domestic product at market prices,CP_EUR_HAB,"Current prices, euro per capita",DK,Denmark,2022,,64430,,,,,
dataflow,ESTAT:TEC00001(1.0),Gross domestic product at market prices,A,Annual,B1GQ,Gross domestic product at market prices,CP_EUR_HAB,"Current prices, euro per capita",DK,Denmark,2023,,62910,,,,,
dataflow,ESTAT:TEC00001(1.0),Gross domestic product at market prices,A,Annual,B1GQ,Gross domestic product at market prices,CP_EUR_HAB,"Current prices, euro per capita",DK,Denmark,2024,,65650,,,,,
dataflow,ESTAT:TEC00001(1.0),Gross domestic product at market prices,A,Annual,B1GQ,Gross domestic product at market prices,CP_EUR_HAB,"Current prices, euro per capita",EE,Estonia,2020,,20960,,,,,
dataflow,ESTAT:TEC00001(1.0),Gross domestic product at market prices,A,Annual,B1GQ,Gross domestic product at market prices,CP_EUR_HAB,"Current prices, euro per capita",EE,Estonia,2021,,23650,,,,,
dataflow,ESTAT:TEC00001(1.0),Gross domestic product at market prices,A,Annual,B1GQ,Gross domestic product at market prices,CP_EUR_HAB,"Current prices, euro per capita",EE,Estonia,2022,,27360,,,,,
dataflow,ESTAT:TEC00001(1.0),Gross domestic product at market prices,A,Annual,B1GQ,Gross domestic product at market prices,CP_EUR_HAB,"Current prices, euro per capita",EE,Estonia,2023,,27960,,,,,
dataflow,ESTAT:TEC00001(1.0),Gross domestic product at market prices,A,Annual,B1GQ,Gross domestic product at market prices,CP_EUR_HAB,"Current prices, euro per capita",EE,Estonia,2024,,28740,,,,,
dataflow,ESTAT:TEC00001(1.0),Gross domestic product at market prices,A,Annual,B1GQ,Gross domestic product at market prices,CP_EUR_HAB,"Current prices, euro per capita",EL,Greece,2020,,15660,,,,,
dataflow,ESTAT:TEC00001(1.0),Gross domestic product at market prices,A,Annual,B1GQ,Gross domestic product at market prices,CP_EUR_HAB,"Current prices, euro per capita",EL,Greece,2021,,17350,,,,,
dataflow,ESTAT:TEC00001(1.0),Gross domestic product at market prices,A,Annual,B1GQ,Gross domestic product at market prices,CP_EUR_HAB,"Current prices, euro per capita",EL,Greece,2022,,19650,,p,provisional,,
dataflow,ESTAT:TEC00001(1.0),Gross domestic product at market prices,A,Annual,B1GQ,Gross domestic product at market prices,CP_EUR_HAB,"Current prices, euro per capita",EL,Greece,2023,,21350,,p,provisional,,
dataflow,ESTAT:TEC00001(1.0),Gross domestic product at market prices,A,Annual,B1GQ,Gross domestic product at market prices,CP_EUR_HAB,"Current prices, euro per capita",EL,Greece,2024,,22560,,p,provisional,,
dataflow,ESTAT:TEC00001(1.0),Gross domestic product at market prices,A,Annual,B1GQ,Gross domestic product at market prices,CP_EUR_HAB,"Current prices, euro per capita",ES,Spain,2020,,23850,,,,,
dataflow,ESTAT:TEC00001(1.0),Gross domestic product at market prices,A,Annual,B1GQ,Gross domestic product at market prices,CP_EUR_HAB,"Current prices, euro per capita",ES,Spain,2021,,26090,,,,,
dataflow,ESTAT:TEC00001(1.0),Gross domestic product at market prices,A,Annual,B1GQ,Gross domestic product at market prices,CP_EUR_HAB,"Current prices, euro per capita",ES,Spain,2022,,28750,,p,provisional,,
dataflow,ESTAT:TEC00001(1.0),Gross domestic product at market prices,A,Annual,B1GQ,Gross domestic product at market prices,CP_EUR_HAB,"Current prices, euro per capita",ES,Spain,2023,,30970,,p,provisional,,
dataflow,ESTAT:TEC00001(1.0),Gross domestic product at market prices,A,Annual,B1GQ,Gross domestic product at market prices,CP_EUR_HAB,"Current prices, euro per capita",ES,Spain,2024,,32590,,p,provisional,,
dataflow,ESTAT:TEC00001(1.0),Gross domestic product at market prices,A,Annual,B1GQ,Gross domestic product at market prices,CP_EUR_HAB,"Current prices, euro per capita",EU27_2020,European Union - 27 countries (from 2020),2020,,30440,,b,break in time series,,
dataflow,ESTAT:TEC00001(1.0),Gross domestic product at market prices,A,Annual,B1GQ,Gross domestic product at market prices,CP_EUR_HAB,"Current prices, euro per capita",EU27_2020,European Union - 27 countries (from 2020),2021,,33160,,,,,
dataflow,ESTAT:TEC00001(1.0),Gross domestic product at market prices,A,Annual,B1GQ,Gross domestic product at market prices,CP_EUR_HAB,"Current prices, euro per capita",EU27_2020,European Union - 27 countries (from 2020),2022,,35960,,,,,
dataflow,ESTAT:TEC00001(1.0),Gross domestic product at market prices,A,Annual,B1GQ,Gross domestic product at market prices,CP_EUR_HAB,"Current prices, euro per capita",EU27_2020,European Union - 27 countries (from 2020),2023,,38140,,,,,
dataflow,ESTAT:TEC00001(1.0),Gross domestic product at market prices,A,Annual,B1GQ,Gross domestic product at market prices,CP_EUR_HAB,"Current prices, euro per capita",EU27_2020,European Union - 27 countries (from 2020),2024,,39680,,,,,
dataflow,ESTAT:TEC00001(1.0),Gross domestic product at market prices,A,Annual,B1GQ,Gross domestic product at market prices,CP_EUR_HAB,"Current prices, euro per capita",FI,Finland,2020,,42740,,,,,
dataflow,ESTAT:TEC00001(1.0),Gross domestic product at market prices,A,Annual,B1GQ,Gross domestic product at market prices,CP_EUR_HAB,"Current prices, euro per capita",FI,Finland,2021,,44890,,,,,
dataflow,ESTAT:TEC00001(1.0),Gross domestic product at market prices,A,Annual,B1GQ,Gross domestic product at market prices,CP_EUR_HAB,"Current prices, euro per capita",FI,Finland,2022,,47890,,,,,
dataflow,ESTAT:TEC00001(1.0),Gross domestic product at market prices,A,Annual,B1GQ,Gross domestic product at market prices,CP_EUR_HAB,"Current prices, euro per capita",FI,Finland,2023,,48920,,,,,
dataflow,ESTAT:TEC00001(1.0),Gross domestic product at market prices,A,Annual,B1GQ,Gross domestic product at market prices,CP_EUR_HAB,"Current prices, euro per capita",FI,Finland,2024,,49100,,,,,
dataflow,ESTAT:TEC00001(1.0),Gross domestic product at market prices,A,Annual,B1GQ,Gross domestic product at market prices,CP_EUR_HAB,"Current prices, euro per capita",FR,France,2020,,34280,,,,,
dataflow,ESTAT:TEC00001(1.0),Gross domestic product at market prices,A,Annual,B1GQ,Gross domestic product at market prices,CP_EUR_HAB,"Current prices, euro per capita",FR,France,2021,,36920,,,,,
dataflow,ESTAT:TEC00001(1.0),Gross domestic product at market prices,A,Annual,B1GQ,Gross domestic product at market prices,CP_EUR_HAB,"Current prices, euro per capita",FR,France,2022,,38920,,,,,
dataflow,ESTAT:TEC00001(1.0),Gross domestic product at market prices,A,Annual,B1GQ,Gross domestic product at market prices,CP_EUR_HAB,"Current prices, euro per capita",FR,France,2023,,41340,,p,provisional,,
dataflow,ESTAT:TEC00001(1.0),Gross domestic product at market prices,A,Annual,B1GQ,Gross domestic product at market prices,CP_EUR_HAB,"Current prices, euro per capita",FR,France,2024,,42590,,p,provisional,,
dataflow,ESTAT:TEC00001(1.0),Gross domestic product at market prices,A,Annual,B1GQ,Gross domestic product at market prices,CP_EUR_HAB,"Current prices, euro per capita",HR,Croatia,2020,,12840,,,,,
dataflow,ESTAT:TEC00001(1.0),Gross domestic product at market prices,A,Annual,B1GQ,Gross domestic product at market prices,CP_EUR_HAB,"Current prices, euro per capita",HR,Croatia,2021,,14890,,,,,
dataflow,ESTAT:TEC00001(1.0),Gross domestic product at market prices,A,Annual,B1GQ,Gross domestic product at market prices,CP_EUR_HAB,"Current prices, euro per capita",HR,Croatia,2022,,17260,,,,,
dataflow,ESTAT:TEC00001(1.0),Gross domestic product at market prices,A,Annual,B1GQ,Gross domestic product at market prices,CP_EUR_HAB,"Current prices, euro per capita",HR,Croatia,2023,,19800,,p,provisional,,
dataflow,ESTAT:TEC00001(1.0),Gross domestic product at market prices,A,Annual,B1GQ,Gross domestic product at market prices,CP_EUR_HAB,"Current prices, euro per capita",HR,Croatia,2024,,21740,,p,provisional,,
dataflow,ESTAT:TEC00001(1.0),Gross domestic product at market prices,A,Annual,B1GQ,Gross domestic product at market prices,CP_EUR_HAB,"Current prices, euro per capita",HU,Hungary,2020,,14370,,,,,
dataflow,ESTAT:TEC00001(1.0),Gross domestic product at market prices,A,Annual,B1GQ,Gross domestic product at market prices,CP_EUR_HAB,"Current prices, euro per capita",HU,Hungary,2021,,16090,,,,,
dataflow,ESTAT:TEC00001(1.0),Gross domestic product at market prices,A,Annual,B1GQ,Gross domestic product at market prices,CP_EUR_HAB,"Current prices, euro per capita",HU,Hungary,2022,,17600,,,,,
dataflow,ESTAT:TEC00001(1.0),Gross domestic product at market prices,A,Annual,B1GQ,Gross domestic product at market prices,CP_EUR_HAB,"Current prices, euro per capita",HU,Hungary,2023,,20630,,,,,
dataflow,ESTAT:TEC00001(1.0),Gross domestic product at market prices,A,Annual,B1GQ,Gross domestic product at market prices,CP_EUR_HAB,"Current prices, euro per capita",HU,Hungary,2024,,21570,,p,provisional,,
dataflow,ESTAT:TEC00001(1.0),Gross domestic product at market prices,A,Annual,B1GQ,Gross domestic product at market prices,CP_EUR_HAB,"Current prices, euro per capita",IE,Ireland,2020,,75920,,,,,
dataflow,ESTAT:TEC00001(1.0),Gross domestic product at market prices,A,Annual,B1GQ,Gross domestic product at market prices,CP_EUR_HAB,"Current prices, euro per capita",IE,Ireland,2021,,88220,,,,,
dataflow,ESTAT:TEC00001(1.0),Gross domestic product at market prices,A,Annual,B1GQ,Gross domestic product at market prices,CP_EUR_HAB,"Current prices, euro per capita",IE,Ireland,2022,,100180,,,,,
dataflow,ESTAT:TEC00001(1.0),Gross domestic product at market prices,A,Annual,B1GQ,Gross domestic product at market prices,CP_EUR_HAB,"Current prices, euro per capita",IE,Ireland,2023,,96290,,,,,
dataflow,ESTAT:TEC00001(1.0),Gross domestic product at market prices,A,Annual,B1GQ,Gross domestic product at market prices,CP_EUR_HAB,"Current prices, euro per capita",IE,Ireland,2024,,99060,,,,,
dataflow,ESTAT:TEC00001(1.0),Gross domestic product at market prices,A,Annual,B1GQ,Gross domestic product at market prices,CP_EUR_HAB,"Current prices, euro per capita",IS,Iceland,2020,,53190,,,,,
dataflow,ESTAT:TEC00001(1.0),Gross domestic product at market prices,A,Annual,B1GQ,Gross domestic product at market prices,CP_EUR_HAB,"Current prices, euro per capita",IS,Iceland,2021,,60270,,,,,
dataflow,ESTAT:TEC00001(1.0),Gross domestic product at market prices,A,Annual,B1GQ,Gross domestic product at market prices,CP_EUR_HAB,"Current prices, euro per capita",IS,Iceland,2022,,73740,,,,,
dataflow,ESTAT:TEC00001(1.0),Gross domestic product at market prices,A,Annual,B1GQ,Gross domestic product at market prices,CP_EUR_HAB,"Current prices, euro per capita",IS,Iceland,2023,,76660,,,,,
dataflow,ESTAT:TEC00001(1.0),Gross domestic product at market prices,A,Annual,B1GQ,Gross domestic product at market prices,CP_EUR_HAB,"Current prices, euro per capita",IS,Iceland,2024,,79980,,e,estimated,,
dataflow,ESTAT:TEC00001(1.0),Gross domestic product at market prices,A,Annual,B1GQ,Gross domestic product at market prices,CP_EUR_HAB,"Current prices, euro per capita",IT,Italy,2020,,28100,,,,,
dataflow,ESTAT:TEC00001(1.0),Gross domestic product at market prices,A,Annual,B1GQ,Gross domestic product at market prices,CP_EUR_HAB,"Current prices, euro per capita",IT,Italy,2021,,31160,,,,,
dataflow,ESTAT:TEC00001(1.0),Gross domestic product at market prices,A,Annual,B1GQ,Gross domestic product at market prices,CP_EUR_HAB,"Current prices, euro per capita",IT,Italy,2022,,33860,,,,,
dataflow,ESTAT:TEC00001(1.0),Gross domestic product at market prices,A,Annual,B1GQ,Gross domestic product at market prices,CP_EUR_HAB,"Current prices, euro per capita",IT,Italy,2023,,36130,,,,,
dataflow,ESTAT:TEC00001(1.0),Gross domestic product at market prices,A,Annual,B1GQ,Gross domestic product at market prices,CP_EUR_HAB,"Current prices, euro per capita",IT,Italy,2024,,37180,,e,estimated,,
dataflow,ESTAT:TEC00001(1.0),Gross domestic product at market prices,A,Annual,B1GQ,Gross domestic product at market prices,CP_EUR_HAB,"Current prices, euro per capita",LI,Liechtenstein,2020,,142470,,,,,
dataflow,ESTAT:TEC00001(1.0),Gross domestic product at market prices,A,Annual,B1GQ,Gross domestic product at market prices,CP_EUR_HAB,"Current prices, euro per capita",LI,Liechtenstein,2021,,168450,,,,,
dataflow,ESTAT:TEC00001(1.0),Gross domestic product at market prices,A,Annual,B1GQ,Gross domestic product at market prices,CP_EUR_HAB,"Current prices, euro per capita",LI,Liechtenstein,2022,,173290,,p,provisional,,
dataflow,ESTAT:TEC00001(1.0),Gross domestic product at market prices,A,Annual,B1GQ,Gross domestic product at market prices,CP_EUR_HAB,"Current prices, euro per capita",LI,Liechtenstein,2023,,186890,,e,estimated,,
dataflow,ESTAT:TEC00001(1.0),Gross domestic product at market prices,A,Annual,B1GQ,Gross domestic product at market prices,CP_EUR_HAB,"Current prices, euro per capita",LT,Lithuania,2020,,17890,,,,,
dataflow,ESTAT:TEC00001(1.0),Gross domestic product at market prices,A,Annual,B1GQ,Gross domestic product at market prices,CP_EUR_HAB,"Current prices, euro per capita",LT,Lithuania,2021,,20180,,,,,
dataflow,ESTAT:TEC00001(1.0),Gross domestic product at market prices,A,Annual,B1GQ,Gross domestic product at market prices,CP_EUR_HAB,"Current prices, euro per capita",LT,Lithuania,2022,,23820,,,,,
dataflow,ESTAT:TEC00001(1.0),Gross domestic product at market prices,A,Annual,B1GQ,Gross domestic product at market prices,CP_EUR_HAB,"Current prices, euro per capita",LT,Lithuania,2023,,25700,,,,,
dataflow,ESTAT:TEC00001(1.0),Gross domestic product at market prices,A,Annual,B1GQ,Gross domestic product at market prices,CP_EUR_HAB,"Current prices, euro per capita",LT,Lithuania,2024,,27150,,,,,
dataflow,ESTAT:TEC00001(1.0),Gross domestic product at market prices,A,Annual,B1GQ,Gross domestic product at market prices,CP_EUR_HAB,"Current prices, euro per capita",LU,Luxembourg,2020,,102190,,,,,
dataflow,ESTAT:TEC00001(1.0),Gross domestic product at market prices,A,Annual,B1GQ,Gross domestic product at market prices,CP_EUR_HAB,"Current prices, euro per capita",LU,Luxembourg,2021,,113920,,,,,
dataflow,ESTAT:TEC00001(1.0),Gross domestic product at market prices,A,Annual,B1GQ,Gross domestic product at market prices,CP_EUR_HAB,"Current prices, euro per capita",LU,Luxembourg,2022,,117100,,,,,
dataflow,ESTAT:TEC00001(1.0),Gross domestic product at market prices,A,Annual,B1GQ,Gross domestic product at market prices,CP_EUR_HAB,"Current prices, euro per capita",LU,Luxembourg,2023,,121290,,,,,
dataflow,ESTAT:TEC00001(1.0),Gross domestic product at market prices,A,Annual,B1GQ,Gross domestic product at market prices,CP_EUR_HAB,"Current prices, euro per capita",LU,Luxembourg,2024,,126910,,p,provisional,,
dataflow,ESTAT:TEC00001(1.0),Gross domestic product at market prices,A,Annual,B1GQ,Gross domestic product at market prices,CP_EUR_HAB,"Current prices, euro per capita",LV,Latvia,2020,,15370,,,,,
dataflow,ESTAT:TEC00001(1.0),Gross domestic product at market prices,A,Annual,B1GQ,Gross domestic product at market prices,CP_EUR_HAB,"Current prices, euro per capita",LV,Latvia,2021,,17130,,,,,
dataflow,ESTAT:TEC00001(1.0),Gross domestic product at market prices,A,Annual,B1GQ,Gross domestic product at market prices,CP_EUR_HAB,"Current prices, euro per capita",LV,Latvia,2022,,19140,,,,,
dataflow,ESTAT:TEC00001(1.0),Gross domestic product at market prices,A,Annual,B1GQ,Gross domestic product at market prices,CP_EUR_HAB,"Current prices, euro per capita",LV,Latvia,2023,,20930,,,,,
dataflow,ESTAT:TEC00001(1.0),Gross domestic product at market prices,A,Annual,B1GQ,Gross domestic product at market prices,CP_EUR_HAB,"Current prices, euro per capita",LV,Latvia,2024,,21610,,,,,
dataflow,ESTAT:TEC00001(1.0),Gross domestic product at market prices,A,Annual,B1GQ,Gross domestic product at market prices,CP_EUR_HAB,"Current prices, euro per capita",ME,Montenegro,2020,,6740,,,,,
dataflow,ESTAT:TEC00001(1.0),Gross domestic product at market prices,A,Annual,B1GQ,Gross domestic product at market prices,CP_EUR_HAB,"Current prices, euro per capita",ME,Montenegro,2021,,8000,,,,,
dataflow,ESTAT:TEC00001(1.0),Gross domestic product at market prices,A,Annual,B1GQ,Gross domestic product at market prices,CP_EUR_HAB,"Current prices, euro per capita",ME,Montenegro,2022,,9600,,,,,
dataflow,ESTAT:TEC00001(1.0),Gross domestic product at market prices,A,Annual,B1GQ,Gross domestic product at market prices,CP_EUR_HAB,"Current prices, euro per capita",ME,Montenegro,2023,,11000,,p,provisional,,
dataflow,ESTAT:TEC00001(1.0),Gross domestic product at market prices,A,Annual,B1GQ,Gross domestic product at market prices,CP_EUR_HAB,"Current prices, euro per capita",MK,North Macedonia,2020,,5840,,e,estimated,,
dataflow,ESTAT:TEC00001(1.0),Gross domestic product at market prices,A,Annual,B1GQ,Gross domestic product at market prices,CP_EUR_HAB,"Current prices, euro per capita",MK,North Macedonia,2021,,6440,,e,estimated,,
dataflow,ESTAT:TEC00001(1.0),Gross domestic product at market prices,A,Annual,B1GQ,Gross domestic product at market prices,CP_EUR_HAB,"Current prices, euro per capita",MK,North Macedonia,2022,,7230,,e,estimated,,
dataflow,ESTAT:TEC00001(1.0),Gross domestic product at market prices,A,Annual,B1GQ,Gross domestic product at market prices,CP_EUR_HAB,"Current prices, euro per capita",MK,North Macedonia,2023,,7980,,e,estimated,,
dataflow,ESTAT:TEC00001(1.0),Gross domestic product at market prices,A,Annual,B1GQ,Gross domestic product at market prices,CP_EUR_HAB,"Current prices, euro per capita",MT,Malta,2020,,27890,,,,,
dataflow,ESTAT:TEC00001(1.0),Gross domestic product at market prices,A,Annual,B1GQ,Gross domestic product at market prices,CP_EUR_HAB,"Current prices, euro per capita",MT,Malta,2021,,32190,,,,,
dataflow,ESTAT:TEC00001(1.0),Gross domestic product at market prices,A,Annual,B1GQ,Gross domestic product at market prices,CP_EUR_HAB,"Current prices, euro per capita",MT,Malta,2022,,34350,,,,,
dataflow,ESTAT:TEC00001(1.0),Gross domestic product at market prices,A,Annual,B1GQ,Gross domestic product at market prices,CP_EUR_HAB,"Current prices, euro per capita",MT,Malta,2023,,37110,,,,,
dataflow,ESTAT:TEC00001(1.0),Gross domestic product at market prices,A,Annual,B1GQ,Gross domestic product at market prices,CP_EUR_HAB,"Current prices, euro per capita",MT,Malta,2024,,39330,,,,,
dataflow,ESTAT:TEC00001(1.0),Gross domestic product at market prices,A,Annual,B1GQ,Gross domestic product at market prices,CP_EUR_HAB,"Current prices, euro per capita",NL,Netherlands,2020,,46810,,,,,
dataflow,ESTAT:TEC00001(1.0),Gross domestic product at market prices,A,Annual,B1GQ,Gross domestic product at market prices,CP_EUR_HAB,"Current prices, euro per capita",NL,Netherlands,2021,,50850,,,,,
dataflow,ESTAT:TEC00001(1.0),Gross domestic product at market prices,A,Annual,B1GQ,Gross domestic product at market prices,CP_EUR_HAB,"Current prices, euro per capita",NL,Netherlands,2022,,56140,,,,,
dataflow,ESTAT:TEC00001(1.0),Gross domestic product at market prices,A,Annual,B1GQ,Gross domestic product at market prices,CP_EUR_HAB,"Current prices, euro per capita",NL,Netherlands,2023,,58740,,p,provisional,,
dataflow,ESTAT:TEC00001(1.0),Gross domestic product at market prices,A,Annual,B1GQ,Gross domestic product at market prices,CP_EUR_HAB,"Current prices, euro per capita",NL,Netherlands,2024,,62380,,p,provisional,,
dataflow,ESTAT:TEC00001(1.0),Gross domestic product at market prices,A,Annual,B1GQ,Gross domestic product at market prices,CP_EUR_HAB,"Current prices, euro per capita",NO,Norway,2020,,60020,,,,,
dataflow,ESTAT:TEC00001(1.0),Gross domestic product at market prices,A,Annual,B1GQ,Gross domestic product at market prices,CP_EUR_HAB,"Current prices, euro per capita",NO,Norway,2021,,78670,,,,,
dataflow,ESTAT:TEC00001(1.0),Gross domestic product at market prices,A,Annual,B1GQ,Gross domestic product at market prices,CP_EUR_HAB,"Current prices, euro per capita",NO,Norway,2022,,103990,,,,,
dataflow,ESTAT:TEC00001(1.0),Gross domestic product at market prices,A,Annual,B1GQ,Gross domestic product at market prices,CP_EUR_HAB,"Current prices, euro per capita",NO,Norway,2023,,80890,,,,,
dataflow,ESTAT:TEC00001(1.0),Gross domestic product at market prices,A,Annual,B1GQ,Gross domestic product at market prices,CP_EUR_HAB,"Current prices, euro per capita",NO,Norway,2024,,80200,,,,,
dataflow,ESTAT:TEC00001(1.0),Gross domestic product at market prices,A,Annual,B1GQ,Gross domestic product at market prices,CP_EUR_HAB,"Current prices, euro per capita",PL,Poland,2020,,14310,,b,break in time series,,
dataflow,ESTAT:TEC00001(1.0),Gross domestic product at market prices,A,Annual,B1GQ,Gross domestic product at market prices,CP_EUR_HAB,"Current prices, euro per capita",PL,Poland,2021,,15770,,,,,
dataflow,ESTAT:TEC00001(1.0),Gross domestic product at market prices,A,Annual,B1GQ,Gross domestic product at market prices,CP_EUR_HAB,"Current prices, euro per capita",PL,Poland,2022,,17520,,b,break in time series,,
dataflow,ESTAT:TEC00001(1.0),Gross domestic product at market prices,A,Annual,B1GQ,Gross domestic product at market prices,CP_EUR_HAB,"Current prices, euro per capita",PL,Poland,2023,,19980,,,,,
dataflow,ESTAT:TEC00001(1.0),Gross domestic product at market prices,A,Annual,B1GQ,Gross domestic product at market prices,CP_EUR_HAB,"Current prices, euro per capita",PL,Poland,2024,,22560,,p,provisional,,
dataflow,ESTAT:TEC00001(1.0),Gross domestic product at market prices,A,Annual,B1GQ,Gross domestic product at market prices,CP_EUR_HAB,"Current prices, euro per capita",PT,Portugal,2020,,19360,,,,,
dataflow,ESTAT:TEC00001(1.0),Gross domestic product at market prices,A,Annual,B1GQ,Gross domestic product at market prices,CP_EUR_HAB,"Current prices, euro per capita",PT,Portugal,2021,,20800,,,,,
dataflow,ESTAT:TEC00001(1.0),Gross domestic product at market prices,A,Annual,B1GQ,Gross domestic product at market prices,CP_EUR_HAB,"Current prices, euro per capita",PT,Portugal,2022,,23300,,,,,
dataflow,ESTAT:TEC00001(1.0),Gross domestic product at market prices,A,Annual,B1GQ,Gross domestic product at market prices,CP_EUR_HAB,"Current prices, euro per capita",PT,Portugal,2023,,25330,,p,provisional,,
dataflow,ESTAT:TEC00001(1.0),Gross domestic product at market prices,A,Annual,B1GQ,Gross domestic product at market prices,CP_EUR_HAB,"Current prices, euro per capita",PT,Portugal,2024,,26700,,p,provisional,,
dataflow,ESTAT:TEC00001(1.0),Gross domestic product at market prices,A,Annual,B1GQ,Gross domestic product at market prices,CP_EUR_HAB,"Current prices, euro per capita",RO,Romania,2020,,11460,,,,,
dataflow,ESTAT:TEC00001(1.0),Gross domestic product at market prices,A,Annual,B1GQ,Gross domestic product at market prices,CP_EUR_HAB,"Current prices, euro per capita",RO,Romania,2021,,12660,,,,,
dataflow,ESTAT:TEC00001(1.0),Gross domestic product at market prices,A,Annual,B1GQ,Gross domestic product at market prices,CP_EUR_HAB,"Current prices, euro per capita",RO,Romania,2022,,14790,,,,,
dataflow,ESTAT:TEC00001(1.0),Gross domestic product at market prices,A,Annual,B1GQ,Gross domestic product at market prices,CP_EUR_HAB,"Current prices, euro per capita",RO,Romania,2023,,17010,,p,provisional,,
dataflow,ESTAT:TEC00001(1.0),Gross domestic product at market prices,A,Annual,B1GQ,Gross domestic product at market prices,CP_EUR_HAB,"Current prices, euro per capita",RO,Romania,2024,,18560,,p,provisional,,
dataflow,ESTAT:TEC00001(1.0),Gross domestic product at market prices,A,Annual,B1GQ,Gross domestic product at market prices,CP_EUR_HAB,"Current prices, euro per capita",RS,Serbia,2020,,7110,,,,,
dataflow,ESTAT:TEC00001(1.0),Gross domestic product at market prices,A,Annual,B1GQ,Gross domestic product at market prices,CP_EUR_HAB,"Current prices, euro per capita",RS,Serbia,2021,,8180,,,,,
dataflow,ESTAT:TEC00001(1.0),Gross domestic product at market prices,A,Annual,B1GQ,Gross domestic product at market prices,CP_EUR_HAB,"Current prices, euro per capita",RS,Serbia,2022,,9530,,p,provisional,,
dataflow,ESTAT:TEC00001(1.0),Gross domestic product at market prices,A,Annual,B1GQ,Gross domestic product at market prices,CP_EUR_HAB,"Current prices, euro per capita",RS,Serbia,2023,,11350,,p,provisional,,
dataflow,ESTAT:TEC00001(1.0),Gross domestic product at market prices,A,Annual,B1GQ,Gross domestic product at market prices,CP_EUR_HAB,"Current prices, euro per capita",RS,Serbia,2024,,12510,,p,provisional,,
dataflow,ESTAT:TEC00001(1.0),Gross domestic product at market prices,A,Annual,B1GQ,Gross domestic product at market prices,CP_EUR_HAB,"Current prices, euro per capita",SE,Sweden,2020,,46180,,,,,
dataflow,ESTAT:TEC00001(1.0),Gross domestic product at market prices,A,Annual,B1GQ,Gross domestic product at market prices,CP_EUR_HAB,"Current prices, euro per capita",SE,Sweden,2021,,51260,,,,,
dataflow,ESTAT:TEC00001(1.0),Gross domestic product at market prices,A,Annual,B1GQ,Gross domestic product at market prices,CP_EUR_HAB,"Current prices, euro per capita",SE,Sweden,2022,,51980,,,,,
dataflow,ESTAT:TEC00001(1.0),Gross domestic product at market prices,A,Annual,B1GQ,Gross domestic product at market prices,CP_EUR_HAB,"Current prices, euro per capita",SE,Sweden,2023,,50490,,,,,
dataflow,ESTAT:TEC00001(1.0),Gross domestic product at market prices,A,Annual,B1GQ,Gross domestic product at market prices,CP_EUR_HAB,"Current prices, euro per capita",SE,Sweden,2024,,52600,,,,,
dataflow,ESTAT:TEC00001(1.0),Gross domestic product at market prices,A,Annual,B1GQ,Gross domestic product at market prices,CP_EUR_HAB,"Current prices, euro per capita",SI,Slovenia,2020,,22230,,,,,
dataflow,ESTAT:TEC00001(1.0),Gross domestic product at market prices,A,Annual,B1GQ,Gross domestic product at market prices,CP_EUR_HAB,"Current prices, euro per capita",SI,Slovenia,2021,,24680,,,,,
dataflow,ESTAT:TEC00001(1.0),Gross domestic product at market prices,A,Annual,B1GQ,Gross domestic product at market prices,CP_EUR_HAB,"Current prices, euro per capita",SI,Slovenia,2022,,26980,,,,,
dataflow,ESTAT:TEC00001(1.0),Gross domestic product at market prices,A,Annual,B1GQ,Gross domestic product at market prices,CP_EUR_HAB,"Current prices, euro per capita",SI,Slovenia,2023,,30160,,,,,
dataflow,ESTAT:TEC00001(1.0),Gross domestic product at market prices,A,Annual,B1GQ,Gross domestic product at market prices,CP_EUR_HAB,"Current prices, euro per capita",SI,Slovenia,2024,,31490,,,,,
dataflow,ESTAT:TEC00001(1.0),Gross domestic product at market prices,A,Annual,B1GQ,Gross domestic product at market prices,CP_EUR_HAB,"Current prices, euro per capita",SK,Slovakia,2020,,17270,,,,,
dataflow,ESTAT:TEC00001(1.0),Gross domestic product at market prices,A,Annual,B1GQ,Gross domestic product at market prices,CP_EUR_HAB,"Current prices, euro per capita",SK,Slovakia,2021,,18740,,b,break in time series,,
dataflow,ESTAT:TEC00001(1.0),Gross domestic product at market prices,A,Annual,B1GQ,Gross domestic product at market prices,CP_EUR_HAB,"Current prices, euro per capita",SK,Slovakia,2022,,20170,,,,,
dataflow,ESTAT:TEC00001(1.0),Gross domestic product at market prices,A,Annual,B1GQ,Gross domestic product at market prices,CP_EUR_HAB,"Current prices, euro per capita",SK,Slovakia,2023,,22690,,,,,
dataflow,ESTAT:TEC00001(1.0),Gross domestic product at market prices,A,Annual,B1GQ,Gross domestic product at market prices,CP_EUR_HAB,"Current prices, euro per capita",SK,Slovakia,2024,,24000,,,,,
dataflow,ESTAT:TEC00001(1.0),Gross domestic product at market prices,A,Annual,B1GQ,Gross domestic product at market prices,CP_EUR_HAB,"Current prices, euro per capita",TR,T端rkiye,2020,,7520,,,,,
dataflow,ESTAT:TEC00001(1.0),Gross domestic product at market prices,A,Annual,B1GQ,Gross domestic product at market prices,CP_EUR_HAB,"Current prices, euro per capita",TR,T端rkiye,2021,,8200,,,,,
dataflow,ESTAT:TEC00001(1.0),Gross domestic product at market prices,A,Annual,B1GQ,Gross domestic product at market prices,CP_EUR_HAB,"Current prices, euro per capita",TR,T端rkiye,2022,,10150,,,,,
dataflow,ESTAT:TEC00001(1.0),Gross domestic product at market prices,A,Annual,B1GQ,Gross domestic product at market prices,CP_EUR_HAB,"Current prices, euro per capita",TR,T端rkiye,2023,,12080,,,,,
dataflow,ESTAT:TEC00001(1.0),Gross domestic product at market prices,A,Annual,B1GQ,Gross domestic product at market prices,CP_MEUR,"Current prices, million euro",AL,Albania,2020,,13379.5,,,,,
dataflow,ESTAT:TEC00001(1.0),Gross domestic product at market prices,A,Annual,B1GQ,Gross domestic product at market prices,CP_MEUR,"Current prices, million euro",AL,Albania,2021,,15243.1,,,,,
dataflow,ESTAT:TEC00001(1.0),Gross domestic product at market prices,A,Annual,B1GQ,Gross domestic product at market prices,CP_MEUR,"Current prices, million euro",AL,Albania,2022,,18068.1,,,,,
dataflow,ESTAT:TEC00001(1.0),Gross domestic product at market prices,A,Annual,B1GQ,Gross domestic product at market prices,CP_MEUR,"Current prices, million euro",AL,Albania,2023,,21730.5,,,,,
dataflow,ESTAT:TEC00001(1.0),Gross domestic product at market prices,A,Annual,B1GQ,Gross domestic product at market prices,CP_MEUR,"Current prices, million euro",AL,Albania,2024,,25000.7,,p,provisional,,
dataflow,ESTAT:TEC00001(1.0),Gross domestic product at market prices,A,Annual,B1GQ,Gross domestic product at market prices,CP_MEUR,"Current prices, million euro",AT,Austria,2020,,380317.9,,,,,
dataflow,ESTAT:TEC00001(1.0),Gross domestic product at market prices,A,Annual,B1GQ,Gross domestic product at market prices,CP_MEUR,"Current prices, million euro",AT,Austria,2021,,406232.1,,,,,
dataflow,ESTAT:TEC00001(1.0),Gross domestic product at market prices,A,Annual,B1GQ,Gross domestic product at market prices,CP_MEUR,"Current prices, million euro",AT,Austria,2022,,448007.4,,,,,
dataflow,ESTAT:TEC00001(1.0),Gross domestic product at market prices,A,Annual,B1GQ,Gross domestic product at market prices,CP_MEUR,"Current prices, million euro",AT,Austria,2023,,473226.7,,,,,
dataflow,ESTAT:TEC00001(1.0),Gross domestic product at market prices,A,Annual,B1GQ,Gross domestic product at market prices,CP_MEUR,"Current prices, million euro",AT,Austria,2024,,484222.8,,,,,
dataflow,ESTAT:TEC00001(1.0),Gross domestic product at market prices,A,Annual,B1GQ,Gross domestic product at market prices,CP_MEUR,"Current prices, million euro",BA,Bosnia and Herzegovina,2020,,17755.9,,,,,
dataflow,ESTAT:TEC00001(1.0),Gross domestic product at market prices,A,Annual,B1GQ,Gross domestic product at market prices,CP_MEUR,"Current prices, million euro",BA,Bosnia and Herzegovina,2021,,20014.7,,,,,
dataflow,ESTAT:TEC00001(1.0),Gross domestic product at market prices,A,Annual,B1GQ,Gross domestic product at market prices,CP_MEUR,"Current prices, million euro",BA,Bosnia and Herzegovina,2022,,23324.1,,,,,
dataflow,ESTAT:TEC00001(1.0),Gross domestic product at market prices,A,Annual,B1GQ,Gross domestic product at market prices,CP_MEUR,"Current prices, million euro",BA,Bosnia and Herzegovina,2023,,25523.8,,,,,
dataflow,ESTAT:TEC00001(1.0),Gross domestic product at market prices,A,Annual,B1GQ,Gross domestic product at market prices,CP_MEUR,"Current prices, million euro",BA,Bosnia and Herzegovina,2024,,26194.8,,,,,
dataflow,ESTAT:TEC00001(1.0),Gross domestic product at market prices,A,Annual,B1GQ,Gross domestic product at market prices,CP_MEUR,"Current prices, million euro",BE,Belgium,2020,,463750.9,,,,,
dataflow,ESTAT:TEC00001(1.0),Gross domestic product at market prices,A,Annual,B1GQ,Gross domestic product at market prices,CP_MEUR,"Current prices, million euro",BE,Belgium,2021,,506047.2,,,,,
dataflow,ESTAT:TEC00001(1.0),Gross domestic product at market prices,A,Annual,B1GQ,Gross domestic product at market prices,CP_MEUR,"Current prices, million euro",BE,Belgium,2022,,563710.5,,,,,
dataflow,ESTAT:TEC00001(1.0),Gross domestic product at market prices,A,Annual,B1GQ,Gross domestic product at market prices,CP_MEUR,"Current prices, million euro",BE,Belgium,2023,,596202.7,,p,provisional,,
dataflow,ESTAT:TEC00001(1.0),Gross domestic product at market prices,A,Annual,B1GQ,Gross domestic product at market prices,CP_MEUR,"Current prices, million euro",BE,Belgium,2024,,613983.9,,p,provisional,,
dataflow,ESTAT:TEC00001(1.0),Gross domestic product at market prices,A,Annual,B1GQ,Gross domestic product at market prices,CP_MEUR,"Current prices, million euro",BG,Bulgaria,2020,,61912.5,,,,,
dataflow,ESTAT:TEC00001(1.0),Gross domestic product at market prices,A,Annual,B1GQ,Gross domestic product at market prices,CP_MEUR,"Current prices, million euro",BG,Bulgaria,2021,,71378.4,,,,,
dataflow,ESTAT:TEC00001(1.0),Gross domestic product at market prices,A,Annual,B1GQ,Gross domestic product at market prices,CP_MEUR,"Current prices, million euro",BG,Bulgaria,2022,,86082.4,,,,,
dataflow,ESTAT:TEC00001(1.0),Gross domestic product at market prices,A,Annual,B1GQ,Gross domestic product at market prices,CP_MEUR,"Current prices, million euro",BG,Bulgaria,2023,,94709.3,,,,,
dataflow,ESTAT:TEC00001(1.0),Gross domestic product at market prices,A,Annual,B1GQ,Gross domestic product at market prices,CP_MEUR,"Current prices, million euro",BG,Bulgaria,2024,,103723.0,,p,provisional,,
dataflow,ESTAT:TEC00001(1.0),Gross domestic product at market prices,A,Annual,B1GQ,Gross domestic product at market prices,CP_MEUR,"Current prices, million euro",CH,Switzerland,2020,,650742.6,,,,,
dataflow,ESTAT:TEC00001(1.0),Gross domestic product at market prices,A,Annual,B1GQ,Gross domestic product at market prices,CP_MEUR,"Current prices, million euro",CH,Switzerland,2021,,689174.9,,,,,
dataflow,ESTAT:TEC00001(1.0),Gross domestic product at market prices,A,Annual,B1GQ,Gross domestic product at market prices,CP_MEUR,"Current prices, million euro",CH,Switzerland,2022,,787386.5,,,,,
dataflow,ESTAT:TEC00001(1.0),Gross domestic product at market prices,A,Annual,B1GQ,Gross domestic product at market prices,CP_MEUR,"Current prices, million euro",CH,Switzerland,2023,,826951.8,,,,,
dataflow,ESTAT:TEC00001(1.0),Gross domestic product at market prices,A,Annual,B1GQ,Gross domestic product at market prices,CP_MEUR,"Current prices, million euro",CH,Switzerland,2024,,865619.7,,,,,
dataflow,ESTAT:TEC00001(1.0),Gross domestic product at market prices,A,Annual,B1GQ,Gross domestic product at market prices,CP_MEUR,"Current prices, million euro",CY,Cyprus,2020,,22373.6,,,,,
dataflow,ESTAT:TEC00001(1.0),Gross domestic product at market prices,A,Annual,B1GQ,Gross domestic product at market prices,CP_MEUR,"Current prices, million euro",CY,Cyprus,2021,,25679.9,,,,,
dataflow,ESTAT:TEC00001(1.0),Gross domestic product at market prices,A,Annual,B1GQ,Gross domestic product at market prices,CP_MEUR,"Current prices, million euro",CY,Cyprus,2022,,29377.2,,,,,
dataflow,ESTAT:TEC00001(1.0),Gross domestic product at market prices,A,Annual,B1GQ,Gross domestic product at market prices,CP_MEUR,"Current prices, million euro",CY,Cyprus,2023,,31340.0,,,,,
dataflow,ESTAT:TEC00001(1.0),Gross domestic product at market prices,A,Annual,B1GQ,Gross domestic product at market prices,CP_MEUR,"Current prices, million euro",CY,Cyprus,2024,,33567.7,,,,,
dataflow,ESTAT:TEC00001(1.0),Gross domestic product at market prices,A,Annual,B1GQ,Gross domestic product at market prices,CP_MEUR,"Current prices, million euro",CZ,Czechia,2020,,220310.6,,,,,
dataflow,ESTAT:TEC00001(1.0),Gross domestic product at market prices,A,Annual,B1GQ,Gross domestic product at market prices,CP_MEUR,"Current prices, million euro",CZ,Czechia,2021,,246012.3,,,,,
dataflow,ESTAT:TEC00001(1.0),Gross domestic product at market prices,A,Annual,B1GQ,Gross domestic product at market prices,CP_MEUR,"Current prices, million euro",CZ,Czechia,2022,,286976.8,,,,,
dataflow,ESTAT:TEC00001(1.0),Gross domestic product at market prices,A,Annual,B1GQ,Gross domestic product at market prices,CP_MEUR,"Current prices, million euro",CZ,Czechia,2023,,317385.8,,,,,
dataflow,ESTAT:TEC00001(1.0),Gross domestic product at market prices,A,Annual,B1GQ,Gross domestic product at market prices,CP_MEUR,"Current prices, million euro",CZ,Czechia,2024,,318895.7,,,,,
dataflow,ESTAT:TEC00001(1.0),Gross domestic product at market prices,A,Annual,B1GQ,Gross domestic product at market prices,CP_MEUR,"Current prices, million euro",DE,Germany,2020,,3449620.0,,,,,
dataflow,ESTAT:TEC00001(1.0),Gross domestic product at market prices,A,Annual,B1GQ,Gross domestic product at market prices,CP_MEUR,"Current prices, million euro",DE,Germany,2021,,3676460.0,,p,provisional,,
dataflow,ESTAT:TEC00001(1.0),Gross domestic product at market prices,A,Annual,B1GQ,Gross domestic product at market prices,CP_MEUR,"Current prices, million euro",DE,Germany,2022,,3953850.0,,p,provisional,,
dataflow,ESTAT:TEC00001(1.0),Gross domestic product at market prices,A,Annual,B1GQ,Gross domestic product at market prices,CP_MEUR,"Current prices, million euro",DE,Germany,2023,,4185550.0,,p,provisional,,
dataflow,ESTAT:TEC00001(1.0),Gross domestic product at market prices,A,Annual,B1GQ,Gross domestic product at market prices,CP_MEUR,"Current prices, million euro",DE,Germany,2024,,4305260.0,,p,provisional,,
dataflow,ESTAT:TEC00001(1.0),Gross domestic product at market prices,A,Annual,B1GQ,Gross domestic product at market prices,CP_MEUR,"Current prices, million euro",DK,Denmark,2020,,312118.3,,,,,
dataflow,ESTAT:TEC00001(1.0),Gross domestic product at market prices,A,Annual,B1GQ,Gross domestic product at market prices,CP_MEUR,"Current prices, million euro",DK,Denmark,2021,,343318.6,,,,,
dataflow,ESTAT:TEC00001(1.0),Gross domestic product at market prices,A,Annual,B1GQ,Gross domestic product at market prices,CP_MEUR,"Current prices, million euro",DK,Denmark,2022,,380567.4,,,,,
dataflow,ESTAT:TEC00001(1.0),Gross domestic product at market prices,A,Annual,B1GQ,Gross domestic product at market prices,CP_MEUR,"Current prices, million euro",DK,Denmark,2023,,374173.6,,,,,
dataflow,ESTAT:TEC00001(1.0),Gross domestic product at market prices,A,Annual,B1GQ,Gross domestic product at market prices,CP_MEUR,"Current prices, million euro",DK,Denmark,2024,,392400.7,,,,,
dataflow,ESTAT:TEC00001(1.0),Gross domestic product at market prices,A,Annual,B1GQ,Gross domestic product at market prices,CP_MEUR,"Current prices, million euro",EE,Estonia,2020,,27859.3,,,,,
dataflow,ESTAT:TEC00001(1.0),Gross domestic product at market prices,A,Annual,B1GQ,Gross domestic product at market prices,CP_MEUR,"Current prices, million euro",EE,Estonia,2021,,31456.2,,,,,
dataflow,ESTAT:TEC00001(1.0),Gross domestic product at market prices,A,Annual,B1GQ,Gross domestic product at market prices,CP_MEUR,"Current prices, million euro",EE,Estonia,2022,,36442.8,,,,,
dataflow,ESTAT:TEC00001(1.0),Gross domestic product at market prices,A,Annual,B1GQ,Gross domestic product at market prices,CP_MEUR,"Current prices, million euro",EE,Estonia,2023,,38187.8,,,,,
dataflow,ESTAT:TEC00001(1.0),Gross domestic product at market prices,A,Annual,B1GQ,Gross domestic product at market prices,CP_MEUR,"Current prices, million euro",EE,Estonia,2024,,39510.1,,,,,
dataflow,ESTAT:TEC00001(1.0),Gross domestic product at market prices,A,Annual,B1GQ,Gross domestic product at market prices,CP_MEUR,"Current prices, million euro",EL,Greece,2020,,167539.5,,,,,
dataflow,ESTAT:TEC00001(1.0),Gross domestic product at market prices,A,Annual,B1GQ,Gross domestic product at market prices,CP_MEUR,"Current prices, million euro",EL,Greece,2021,,184574.6,,,,,
dataflow,ESTAT:TEC00001(1.0),Gross domestic product at market prices,A,Annual,B1GQ,Gross domestic product at market prices,CP_MEUR,"Current prices, million euro",EL,Greece,2022,,207854.2,,p,provisional,,
dataflow,ESTAT:TEC00001(1.0),Gross domestic product at market prices,A,Annual,B1GQ,Gross domestic product at market prices,CP_MEUR,"Current prices, million euro",EL,Greece,2023,,225196.9,,p,provisional,,
dataflow,ESTAT:TEC00001(1.0),Gross domestic product at market prices,A,Annual,B1GQ,Gross domestic product at market prices,CP_MEUR,"Current prices, million euro",EL,Greece,2024,,237573.4,,p,provisional,,
dataflow,ESTAT:TEC00001(1.0),Gross domestic product at market prices,A,Annual,B1GQ,Gross domestic product at market prices,CP_MEUR,"Current prices, million euro",ES,Spain,2020,,1129214.0,,,,,
dataflow,ESTAT:TEC00001(1.0),Gross domestic product at market prices,A,Annual,B1GQ,Gross domestic product at market prices,CP_MEUR,"Current prices, million euro",ES,Spain,2021,,1235474.0,,,,,
dataflow,ESTAT:TEC00001(1.0),Gross domestic product at market prices,A,Annual,B1GQ,Gross domestic product at market prices,CP_MEUR,"Current prices, million euro",ES,Spain,2022,,1373629.0,,p,provisional,,
dataflow,ESTAT:TEC00001(1.0),Gross domestic product at market prices,A,Annual,B1GQ,Gross domestic product at market prices,CP_MEUR,"Current prices, million euro",ES,Spain,2023,,1498324.0,,p,provisional,,
dataflow,ESTAT:TEC00001(1.0),Gross domestic product at market prices,A,Annual,B1GQ,Gross domestic product at market prices,CP_MEUR,"Current prices, million euro",ES,Spain,2024,,1591627.0,,p,provisional,,
dataflow,ESTAT:TEC00001(1.0),Gross domestic product at market prices,A,Annual,B1GQ,Gross domestic product at market prices,CP_MEUR,"Current prices, million euro",EU27_2020,European Union - 27 countries (from 2020),2020,,13579497.6,,,,,
dataflow,ESTAT:TEC00001(1.0),Gross domestic product at market prices,A,Annual,B1GQ,Gross domestic product at market prices,CP_MEUR,"Current prices, million euro",EU27_2020,European Union - 27 countries (from 2020),2021,,14790402.4,,,,,
dataflow,ESTAT:TEC00001(1.0),Gross domestic product at market prices,A,Annual,B1GQ,Gross domestic product at market prices,CP_MEUR,"Current prices, million euro",EU27_2020,European Union - 27 countries (from 2020),2022,,16138001.7,,,,,
dataflow,ESTAT:TEC00001(1.0),Gross domestic product at market prices,A,Annual,B1GQ,Gross domestic product at market prices,CP_MEUR,"Current prices, million euro",EU27_2020,European Union - 27 countries (from 2020),2023,,17202667.7,,,,,
dataflow,ESTAT:TEC00001(1.0),Gross domestic product at market prices,A,Annual,B1GQ,Gross domestic product at market prices,CP_MEUR,"Current prices, million euro",EU27_2020,European Union - 27 countries (from 2020),2024,,17941888.7,,,,,
dataflow,ESTAT:TEC00001(1.0),Gross domestic product at market prices,A,Annual,B1GQ,Gross domestic product at market prices,CP_MEUR,"Current prices, million euro",FI,Finland,2020,,236387.0,,,,,
dataflow,ESTAT:TEC00001(1.0),Gross domestic product at market prices,A,Annual,B1GQ,Gross domestic product at market prices,CP_MEUR,"Current prices, million euro",FI,Finland,2021,,248764.0,,,,,
dataflow,ESTAT:TEC00001(1.0),Gross domestic product at market prices,A,Annual,B1GQ,Gross domestic product at market prices,CP_MEUR,"Current prices, million euro",FI,Finland,2022,,266135.0,,,,,
dataflow,ESTAT:TEC00001(1.0),Gross domestic product at market prices,A,Annual,B1GQ,Gross domestic product at market prices,CP_MEUR,"Current prices, million euro",FI,Finland,2023,,272874.0,,,,,
dataflow,ESTAT:TEC00001(1.0),Gross domestic product at market prices,A,Annual,B1GQ,Gross domestic product at market prices,CP_MEUR,"Current prices, million euro",FI,Finland,2024,,275963.0,,,,,
dataflow,ESTAT:TEC00001(1.0),Gross domestic product at market prices,A,Annual,B1GQ,Gross domestic product at market prices,CP_MEUR,"Current prices, million euro",FR,France,2020,,2318276.2,,,,,
dataflow,ESTAT:TEC00001(1.0),Gross domestic product at market prices,A,Annual,B1GQ,Gross domestic product at market prices,CP_MEUR,"Current prices, million euro",FR,France,2021,,2508102.3,,,,,
dataflow,ESTAT:TEC00001(1.0),Gross domestic product at market prices,A,Annual,B1GQ,Gross domestic product at market prices,CP_MEUR,"Current prices, million euro",FR,France,2022,,2653997.2,,,,,
dataflow,ESTAT:TEC00001(1.0),Gross domestic product at market prices,A,Annual,B1GQ,Gross domestic product at market prices,CP_MEUR,"Current prices, million euro",FR,France,2023,,2826541.5,,p,provisional,,
dataflow,ESTAT:TEC00001(1.0),Gross domestic product at market prices,A,Annual,B1GQ,Gross domestic product at market prices,CP_MEUR,"Current prices, million euro",FR,France,2024,,2919899.9,,p,provisional,,
dataflow,ESTAT:TEC00001(1.0),Gross domestic product at market prices,A,Annual,B1GQ,Gross domestic product at market prices,CP_MEUR,"Current prices, million euro",HR,Croatia,2020,,50720.9,,,,,
dataflow,ESTAT:TEC00001(1.0),Gross domestic product at market prices,A,Annual,B1GQ,Gross domestic product at market prices,CP_MEUR,"Current prices, million euro",HR,Croatia,2021,,58394.1,,,,,
dataflow,ESTAT:TEC00001(1.0),Gross domestic product at market prices,A,Annual,B1GQ,Gross domestic product at market prices,CP_MEUR,"Current prices, million euro",HR,Croatia,2022,,67611.5,,,,,
dataflow,ESTAT:TEC00001(1.0),Gross domestic product at market prices,A,Annual,B1GQ,Gross domestic product at market prices,CP_MEUR,"Current prices, million euro",HR,Croatia,2023,,78060.4,,p,provisional,,
dataflow,ESTAT:TEC00001(1.0),Gross domestic product at market prices,A,Annual,B1GQ,Gross domestic product at market prices,CP_MEUR,"Current prices, million euro",HR,Croatia,2024,,85609.8,,p,provisional,,
dataflow,ESTAT:TEC00001(1.0),Gross domestic product at market prices,A,Annual,B1GQ,Gross domestic product at market prices,CP_MEUR,"Current prices, million euro",HU,Hungary,2020,,138954.5,,,,,
dataflow,ESTAT:TEC00001(1.0),Gross domestic product at market prices,A,Annual,B1GQ,Gross domestic product at market prices,CP_MEUR,"Current prices, million euro",HU,Hungary,2021,,154971.7,,,,,
dataflow,ESTAT:TEC00001(1.0),Gross domestic product at market prices,A,Annual,B1GQ,Gross domestic product at market prices,CP_MEUR,"Current prices, million euro",HU,Hungary,2022,,169054.8,,,,,
dataflow,ESTAT:TEC00001(1.0),Gross domestic product at market prices,A,Annual,B1GQ,Gross domestic product at market prices,CP_MEUR,"Current prices, million euro",HU,Hungary,2023,,197902.0,,,,,
dataflow,ESTAT:TEC00001(1.0),Gross domestic product at market prices,A,Annual,B1GQ,Gross domestic product at market prices,CP_MEUR,"Current prices, million euro",HU,Hungary,2024,,206208.5,,p,provisional,,
dataflow,ESTAT:TEC00001(1.0),Gross domestic product at market prices,A,Annual,B1GQ,Gross domestic product at market prices,CP_MEUR,"Current prices, million euro",IE,Ireland,2020,,382207.1,,,,,
dataflow,ESTAT:TEC00001(1.0),Gross domestic product at market prices,A,Annual,B1GQ,Gross domestic product at market prices,CP_MEUR,"Current prices, million euro",IE,Ireland,2021,,449216.5,,,,,
dataflow,ESTAT:TEC00001(1.0),Gross domestic product at market prices,A,Annual,B1GQ,Gross domestic product at market prices,CP_MEUR,"Current prices, million euro",IE,Ireland,2022,,520935.3,,,,,
dataflow,ESTAT:TEC00001(1.0),Gross domestic product at market prices,A,Annual,B1GQ,Gross domestic product at market prices,CP_MEUR,"Current prices, million euro",IE,Ireland,2023,,509951.8,,,,,
dataflow,ESTAT:TEC00001(1.0),Gross domestic product at market prices,A,Annual,B1GQ,Gross domestic product at market prices,CP_MEUR,"Current prices, million euro",IE,Ireland,2024,,533444.1,,,,,
dataflow,ESTAT:TEC00001(1.0),Gross domestic product at market prices,A,Annual,B1GQ,Gross domestic product at market prices,CP_MEUR,"Current prices, million euro",IS,Iceland,2020,,18948.0,,,,,
dataflow,ESTAT:TEC00001(1.0),Gross domestic product at market prices,A,Annual,B1GQ,Gross domestic product at market prices,CP_MEUR,"Current prices, million euro",IS,Iceland,2021,,21795.2,,,,,
dataflow,ESTAT:TEC00001(1.0),Gross domestic product at market prices,A,Annual,B1GQ,Gross domestic product at market prices,CP_MEUR,"Current prices, million euro",IS,Iceland,2022,,27292.3,,,,,
dataflow,ESTAT:TEC00001(1.0),Gross domestic product at market prices,A,Annual,B1GQ,Gross domestic product at market prices,CP_MEUR,"Current prices, million euro",IS,Iceland,2023,,29092.8,,,,,
dataflow,ESTAT:TEC00001(1.0),Gross domestic product at market prices,A,Annual,B1GQ,Gross domestic product at market prices,CP_MEUR,"Current prices, million euro",IS,Iceland,2024,,30918.6,,,,,
dataflow,ESTAT:TEC00001(1.0),Gross domestic product at market prices,A,Annual,B1GQ,Gross domestic product at market prices,CP_MEUR,"Current prices, million euro",IT,Italy,2020,,1670011.9,,,,,
dataflow,ESTAT:TEC00001(1.0),Gross domestic product at market prices,A,Annual,B1GQ,Gross domestic product at market prices,CP_MEUR,"Current prices, million euro",IT,Italy,2021,,1842507.4,,,,,
dataflow,ESTAT:TEC00001(1.0),Gross domestic product at market prices,A,Annual,B1GQ,Gross domestic product at market prices,CP_MEUR,"Current prices, million euro",IT,Italy,2022,,1998072.6,,,,,
dataflow,ESTAT:TEC00001(1.0),Gross domestic product at market prices,A,Annual,B1GQ,Gross domestic product at market prices,CP_MEUR,"Current prices, million euro",IT,Italy,2023,,2131390.0,,,,,
dataflow,ESTAT:TEC00001(1.0),Gross domestic product at market prices,A,Annual,B1GQ,Gross domestic product at market prices,CP_MEUR,"Current prices, million euro",IT,Italy,2024,,2192181.6,,,,,
dataflow,ESTAT:TEC00001(1.0),Gross domestic product at market prices,A,Annual,B1GQ,Gross domestic product at market prices,CP_MEUR,"Current prices, million euro",LI,Liechtenstein,2020,,5618.0,,,,,
dataflow,ESTAT:TEC00001(1.0),Gross domestic product at market prices,A,Annual,B1GQ,Gross domestic product at market prices,CP_MEUR,"Current prices, million euro",LI,Liechtenstein,2021,,6688.5,,,,,
dataflow,ESTAT:TEC00001(1.0),Gross domestic product at market prices,A,Annual,B1GQ,Gross domestic product at market prices,CP_MEUR,"Current prices, million euro",LI,Liechtenstein,2022,,7011.9,,p,provisional,,
dataflow,ESTAT:TEC00001(1.0),Gross domestic product at market prices,A,Annual,B1GQ,Gross domestic product at market prices,CP_MEUR,"Current prices, million euro",LI,Liechtenstein,2023,,7661.0,,e,estimated,,
dataflow,ESTAT:TEC00001(1.0),Gross domestic product at market prices,A,Annual,B1GQ,Gross domestic product at market prices,CP_MEUR,"Current prices, million euro",LT,Lithuania,2020,,50264.6,,,,,
dataflow,ESTAT:TEC00001(1.0),Gross domestic product at market prices,A,Annual,B1GQ,Gross domestic product at market prices,CP_MEUR,"Current prices, million euro",LT,Lithuania,2021,,56679.7,,,,,
dataflow,ESTAT:TEC00001(1.0),Gross domestic product at market prices,A,Annual,B1GQ,Gross domestic product at market prices,CP_MEUR,"Current prices, million euro",LT,Lithuania,2022,,67455.5,,,,,
dataflow,ESTAT:TEC00001(1.0),Gross domestic product at market prices,A,Annual,B1GQ,Gross domestic product at market prices,CP_MEUR,"Current prices, million euro",LT,Lithuania,2023,,73792.8,,,,,
dataflow,ESTAT:TEC00001(1.0),Gross domestic product at market prices,A,Annual,B1GQ,Gross domestic product at market prices,CP_MEUR,"Current prices, million euro",LT,Lithuania,2024,,78409.8,,,,,
dataflow,ESTAT:TEC00001(1.0),Gross domestic product at market prices,A,Annual,B1GQ,Gross domestic product at market prices,CP_MEUR,"Current prices, million euro",LU,Luxembourg,2020,,64499.2,,,,,
dataflow,ESTAT:TEC00001(1.0),Gross domestic product at market prices,A,Annual,B1GQ,Gross domestic product at market prices,CP_MEUR,"Current prices, million euro",LU,Luxembourg,2021,,73039.5,,,,,
dataflow,ESTAT:TEC00001(1.0),Gross domestic product at market prices,A,Annual,B1GQ,Gross domestic product at market prices,CP_MEUR,"Current prices, million euro",LU,Luxembourg,2022,,76731.2,,,,,
dataflow,ESTAT:TEC00001(1.0),Gross domestic product at market prices,A,Annual,B1GQ,Gross domestic product at market prices,CP_MEUR,"Current prices, million euro",LU,Luxembourg,2023,,80991.9,,,,,
dataflow,ESTAT:TEC00001(1.0),Gross domestic product at market prices,A,Annual,B1GQ,Gross domestic product at market prices,CP_MEUR,"Current prices, million euro",LU,Luxembourg,2024,,86104.0,,p,provisional,,
dataflow,ESTAT:TEC00001(1.0),Gross domestic product at market prices,A,Annual,B1GQ,Gross domestic product at market prices,CP_MEUR,"Current prices, million euro",LV,Latvia,2020,,29224.3,,,,,
dataflow,ESTAT:TEC00001(1.0),Gross domestic product at market prices,A,Annual,B1GQ,Gross domestic product at market prices,CP_MEUR,"Current prices, million euro",LV,Latvia,2021,,32283.8,,,,,
dataflow,ESTAT:TEC00001(1.0),Gross domestic product at market prices,A,Annual,B1GQ,Gross domestic product at market prices,CP_MEUR,"Current prices, million euro",LV,Latvia,2022,,36099.7,,,,,
dataflow,ESTAT:TEC00001(1.0),Gross domestic product at market prices,A,Annual,B1GQ,Gross domestic product at market prices,CP_MEUR,"Current prices, million euro",LV,Latvia,2023,,39372.4,,,,,
dataflow,ESTAT:TEC00001(1.0),Gross domestic product at market prices,A,Annual,B1GQ,Gross domestic product at market prices,CP_MEUR,"Current prices, million euro",LV,Latvia,2024,,40208.4,,,,,
dataflow,ESTAT:TEC00001(1.0),Gross domestic product at market prices,A,Annual,B1GQ,Gross domestic product at market prices,CP_MEUR,"Current prices, million euro",ME,Montenegro,2020,,4185.6,,,,,
dataflow,ESTAT:TEC00001(1.0),Gross domestic product at market prices,A,Annual,B1GQ,Gross domestic product at market prices,CP_MEUR,"Current prices, million euro",ME,Montenegro,2021,,4955.1,,,,,
dataflow,ESTAT:TEC00001(1.0),Gross domestic product at market prices,A,Annual,B1GQ,Gross domestic product at market prices,CP_MEUR,"Current prices, million euro",ME,Montenegro,2022,,5924.0,,,,,
dataflow,ESTAT:TEC00001(1.0),Gross domestic product at market prices,A,Annual,B1GQ,Gross domestic product at market prices,CP_MEUR,"Current prices, million euro",ME,Montenegro,2023,,6963.6,,,,,
dataflow,ESTAT:TEC00001(1.0),Gross domestic product at market prices,A,Annual,B1GQ,Gross domestic product at market prices,CP_MEUR,"Current prices, million euro",ME,Montenegro,2024,,7459.2,,p,provisional,,
dataflow,ESTAT:TEC00001(1.0),Gross domestic product at market prices,A,Annual,B1GQ,Gross domestic product at market prices,CP_MEUR,"Current prices, million euro",MK,North Macedonia,2020,,10851.7,,,,,
dataflow,ESTAT:TEC00001(1.0),Gross domestic product at market prices,A,Annual,B1GQ,Gross domestic product at market prices,CP_MEUR,"Current prices, million euro",MK,North Macedonia,2021,,11834.7,,,,,
dataflow,ESTAT:TEC00001(1.0),Gross domestic product at market prices,A,Annual,B1GQ,Gross domestic product at market prices,CP_MEUR,"Current prices, million euro",MK,North Macedonia,2022,,13243.2,,,,,
dataflow,ESTAT:TEC00001(1.0),Gross domestic product at market prices,A,Annual,B1GQ,Gross domestic product at market prices,CP_MEUR,"Current prices, million euro",MK,North Macedonia,2023,,14582.7,,p,provisional,,
dataflow,ESTAT:TEC00001(1.0),Gross domestic product at market prices,A,Annual,B1GQ,Gross domestic product at market prices,CP_MEUR,"Current prices, million euro",MK,North Macedonia,2024,,15425.2,,e,estimated,,
dataflow,ESTAT:TEC00001(1.0),Gross domestic product at market prices,A,Annual,B1GQ,Gross domestic product at market prices,CP_MEUR,"Current prices, million euro",MT,Malta,2020,,14370.5,,,,,
dataflow,ESTAT:TEC00001(1.0),Gross domestic product at market prices,A,Annual,B1GQ,Gross domestic product at market prices,CP_MEUR,"Current prices, million euro",MT,Malta,2021,,16677.3,,,,,
dataflow,ESTAT:TEC00001(1.0),Gross domestic product at market prices,A,Annual,B1GQ,Gross domestic product at market prices,CP_MEUR,"Current prices, million euro",MT,Malta,2022,,18273.0,,,,,
dataflow,ESTAT:TEC00001(1.0),Gross domestic product at market prices,A,Annual,B1GQ,Gross domestic product at market prices,CP_MEUR,"Current prices, million euro",MT,Malta,2023,,20545.9,,,,,
dataflow,ESTAT:TEC00001(1.0),Gross domestic product at market prices,A,Annual,B1GQ,Gross domestic product at market prices,CP_MEUR,"Current prices, million euro",MT,Malta,2024,,22462.5,,,,,
dataflow,ESTAT:TEC00001(1.0),Gross domestic product at market prices,A,Annual,B1GQ,Gross domestic product at market prices,CP_MEUR,"Current prices, million euro",NL,Netherlands,2020,,816463.0,,,,,
dataflow,ESTAT:TEC00001(1.0),Gross domestic product at market prices,A,Annual,B1GQ,Gross domestic product at market prices,CP_MEUR,"Current prices, million euro",NL,Netherlands,2021,,891550.0,,,,,
dataflow,ESTAT:TEC00001(1.0),Gross domestic product at market prices,A,Annual,B1GQ,Gross domestic product at market prices,CP_MEUR,"Current prices, million euro",NL,Netherlands,2022,,993820.0,,,,,
dataflow,ESTAT:TEC00001(1.0),Gross domestic product at market prices,A,Annual,B1GQ,Gross domestic product at market prices,CP_MEUR,"Current prices, million euro",NL,Netherlands,2023,,1050133.0,,,,,
dataflow,ESTAT:TEC00001(1.0),Gross domestic product at market prices,A,Annual,B1GQ,Gross domestic product at market prices,CP_MEUR,"Current prices, million euro",NL,Netherlands,2024,,1122459.0,,,,,
dataflow,ESTAT:TEC00001(1.0),Gross domestic product at market prices,A,Annual,B1GQ,Gross domestic product at market prices,CP_MEUR,"Current prices, million euro",NO,Norway,2020,,322823.8,,,,,
dataflow,ESTAT:TEC00001(1.0),Gross domestic product at market prices,A,Annual,B1GQ,Gross domestic product at market prices,CP_MEUR,"Current prices, million euro",NO,Norway,2021,,425445.6,,,,,
dataflow,ESTAT:TEC00001(1.0),Gross domestic product at market prices,A,Annual,B1GQ,Gross domestic product at market prices,CP_MEUR,"Current prices, million euro",NO,Norway,2022,,567468.3,,,,,
dataflow,ESTAT:TEC00001(1.0),Gross domestic product at market prices,A,Annual,B1GQ,Gross domestic product at market prices,CP_MEUR,"Current prices, million euro",NO,Norway,2023,,446533.8,,,,,
dataflow,ESTAT:TEC00001(1.0),Gross domestic product at market prices,A,Annual,B1GQ,Gross domestic product at market prices,CP_MEUR,"Current prices, million euro",NO,Norway,2024,,446866.1,,,,,
dataflow,ESTAT:TEC00001(1.0),Gross domestic product at market prices,A,Annual,B1GQ,Gross domestic product at market prices,CP_MEUR,"Current prices, million euro",PL,Poland,2020,,531827.4,,,,,
dataflow,ESTAT:TEC00001(1.0),Gross domestic product at market prices,A,Annual,B1GQ,Gross domestic product at market prices,CP_MEUR,"Current prices, million euro",PL,Poland,2021,,583001.4,,,,,
dataflow,ESTAT:TEC00001(1.0),Gross domestic product at market prices,A,Annual,B1GQ,Gross domestic product at market prices,CP_MEUR,"Current prices, million euro",PL,Poland,2022,,661712.3,,,,,
dataflow,ESTAT:TEC00001(1.0),Gross domestic product at market prices,A,Annual,B1GQ,Gross domestic product at market prices,CP_MEUR,"Current prices, million euro",PL,Poland,2023,,751931.7,,,,,
dataflow,ESTAT:TEC00001(1.0),Gross domestic product at market prices,A,Annual,B1GQ,Gross domestic product at market prices,CP_MEUR,"Current prices, million euro",PL,Poland,2024,,845651.9,,,,,
dataflow,ESTAT:TEC00001(1.0),Gross domestic product at market prices,A,Annual,B1GQ,Gross domestic product at market prices,CP_MEUR,"Current prices, million euro",PT,Portugal,2020,,201032.7,,,,,
dataflow,ESTAT:TEC00001(1.0),Gross domestic product at market prices,A,Annual,B1GQ,Gross domestic product at market prices,CP_MEUR,"Current prices, million euro",PT,Portugal,2021,,216493.7,,,,,
dataflow,ESTAT:TEC00001(1.0),Gross domestic product at market prices,A,Annual,B1GQ,Gross domestic product at market prices,CP_MEUR,"Current prices, million euro",PT,Portugal,2022,,243957.1,,,,,
dataflow,ESTAT:TEC00001(1.0),Gross domestic product at market prices,A,Annual,B1GQ,Gross domestic product at market prices,CP_MEUR,"Current prices, million euro",PT,Portugal,2023,,267923.2,,p,provisional,,
dataflow,ESTAT:TEC00001(1.0),Gross domestic product at market prices,A,Annual,B1GQ,Gross domestic product at market prices,CP_MEUR,"Current prices, million euro",PT,Portugal,2024,,285180.6,,p,provisional,,
dataflow,ESTAT:TEC00001(1.0),Gross domestic product at market prices,A,Annual,B1GQ,Gross domestic product at market prices,CP_MEUR,"Current prices, million euro",RO,Romania,2020,,221075.5,,,,,
dataflow,ESTAT:TEC00001(1.0),Gross domestic product at market prices,A,Annual,B1GQ,Gross domestic product at market prices,CP_MEUR,"Current prices, million euro",RO,Romania,2021,,242260.4,,,,,
dataflow,ESTAT:TEC00001(1.0),Gross domestic product at market prices,A,Annual,B1GQ,Gross domestic product at market prices,CP_MEUR,"Current prices, million euro",RO,Romania,2022,,281761.4,,,,,
dataflow,ESTAT:TEC00001(1.0),Gross domestic product at market prices,A,Annual,B1GQ,Gross domestic product at market prices,CP_MEUR,"Current prices, million euro",RO,Romania,2023,,324368.6,,p,provisional,,
dataflow,ESTAT:TEC00001(1.0),Gross domestic product at market prices,A,Annual,B1GQ,Gross domestic product at market prices,CP_MEUR,"Current prices, million euro",RO,Romania,2024,,353821.1,,p,provisional,,
dataflow,ESTAT:TEC00001(1.0),Gross domestic product at market prices,A,Annual,B1GQ,Gross domestic product at market prices,CP_MEUR,"Current prices, million euro",RS,Serbia,2020,,49024.2,,,,,
dataflow,ESTAT:TEC00001(1.0),Gross domestic product at market prices,A,Annual,B1GQ,Gross domestic product at market prices,CP_MEUR,"Current prices, million euro",RS,Serbia,2021,,55931.3,,,,,
dataflow,ESTAT:TEC00001(1.0),Gross domestic product at market prices,A,Annual,B1GQ,Gross domestic product at market prices,CP_MEUR,"Current prices, million euro",RS,Serbia,2022,,63501.1,,p,provisional,,
dataflow,ESTAT:TEC00001(1.0),Gross domestic product at market prices,A,Annual,B1GQ,Gross domestic product at market prices,CP_MEUR,"Current prices, million euro",RS,Serbia,2023,,75204.0,,p,provisional,,
dataflow,ESTAT:TEC00001(1.0),Gross domestic product at market prices,A,Annual,B1GQ,Gross domestic product at market prices,CP_MEUR,"Current prices, million euro",RS,Serbia,2024,,82320.6,,p,provisional,,
dataflow,ESTAT:TEC00001(1.0),Gross domestic product at market prices,A,Annual,B1GQ,Gross domestic product at market prices,CP_MEUR,"Current prices, million euro",SE,Sweden,2020,,478106.9,,,,,
dataflow,ESTAT:TEC00001(1.0),Gross domestic product at market prices,A,Annual,B1GQ,Gross domestic product at market prices,CP_MEUR,"Current prices, million euro",SE,Sweden,2021,,533953.6,,,,,
dataflow,ESTAT:TEC00001(1.0),Gross domestic product at market prices,A,Annual,B1GQ,Gross domestic product at market prices,CP_MEUR,"Current prices, million euro",SE,Sweden,2022,,547190.4,,,,,
dataflow,ESTAT:TEC00001(1.0),Gross domestic product at market prices,A,Annual,B1GQ,Gross domestic product at market prices,CP_MEUR,"Current prices, million euro",SE,Sweden,2023,,535176.8,,,,,
dataflow,ESTAT:TEC00001(1.0),Gross domestic product at market prices,A,Annual,B1GQ,Gross domestic product at market prices,CP_MEUR,"Current prices, million euro",SE,Sweden,2024,,559138.7,,,,,
dataflow,ESTAT:TEC00001(1.0),Gross domestic product at market prices,A,Annual,B1GQ,Gross domestic product at market prices,CP_MEUR,"Current prices, million euro",SI,Slovenia,2020,,46738.7,,,,,
dataflow,ESTAT:TEC00001(1.0),Gross domestic product at market prices,A,Annual,B1GQ,Gross domestic product at market prices,CP_MEUR,"Current prices, million euro",SI,Slovenia,2021,,52022.6,,,,,
dataflow,ESTAT:TEC00001(1.0),Gross domestic product at market prices,A,Annual,B1GQ,Gross domestic product at market prices,CP_MEUR,"Current prices, million euro",SI,Slovenia,2022,,56908.8,,,,,
dataflow,ESTAT:TEC00001(1.0),Gross domestic product at market prices,A,Annual,B1GQ,Gross domestic product at market prices,CP_MEUR,"Current prices, million euro",SI,Slovenia,2023,,63951.2,,,,,
dataflow,ESTAT:TEC00001(1.0),Gross domestic product at market prices,A,Annual,B1GQ,Gross domestic product at market prices,CP_MEUR,"Current prices, million euro",SI,Slovenia,2024,,66968.1,,,,,
dataflow,ESTAT:TEC00001(1.0),Gross domestic product at market prices,A,Annual,B1GQ,Gross domestic product at market prices,CP_MEUR,"Current prices, million euro",SK,Slovakia,2020,,94320.6,,,,,
dataflow,ESTAT:TEC00001(1.0),Gross domestic product at market prices,A,Annual,B1GQ,Gross domestic product at market prices,CP_MEUR,"Current prices, million euro",SK,Slovakia,2021,,101933.5,,,,,
dataflow,ESTAT:TEC00001(1.0),Gross domestic product at market prices,A,Annual,B1GQ,Gross domestic product at market prices,CP_MEUR,"Current prices, million euro",SK,Slovakia,2022,,110046.4,,,,,
dataflow,ESTAT:TEC00001(1.0),Gross domestic product at market prices,A,Annual,B1GQ,Gross domestic product at market prices,CP_MEUR,"Current prices, million euro",SK,Slovakia,2023,,123833.2,,,,,
dataflow,ESTAT:TEC00001(1.0),Gross domestic product at market prices,A,Annual,B1GQ,Gross domestic product at market prices,CP_MEUR,"Current prices, million euro",SK,Slovakia,2024,,130985.1,,,,,
dataflow,ESTAT:TEC00001(1.0),Gross domestic product at market prices,A,Annual,B1GQ,Gross domestic product at market prices,CP_MEUR,"Current prices, million euro",TR,T端rkiye,2020,,626785.3,,,,,
dataflow,ESTAT:TEC00001(1.0),Gross domestic product at market prices,A,Annual,B1GQ,Gross domestic product at market prices,CP_MEUR,"Current prices, million euro",TR,T端rkiye,2021,,690246.0,,,,,
dataflow,ESTAT:TEC00001(1.0),Gross domestic product at market prices,A,Annual,B1GQ,Gross domestic product at market prices,CP_MEUR,"Current prices, million euro",TR,T端rkiye,2022,,862309.6,,,,,
dataflow,ESTAT:TEC00001(1.0),Gross domestic product at market prices,A,Annual,B1GQ,Gross domestic product at market prices,CP_MEUR,"Current prices, million euro",TR,T端rkiye,2023,,1030513.6,,,,,
dataflow,ESTAT:TEC00001(1.0),Gross domestic product at market prices,A,Annual,B1GQ,Gross domestic product at market prices,CP_MEUR,"Current prices, million euro",TR,T端rkiye,2024,,1220308.3,,,,,
dataflow,ESTAT:TEC00001(1.0),Gross domestic product at market prices,A,Annual,B1GQ,Gross domestic product at market prices,CP_MEUR,"Current prices, million euro",UA,Ukraine,2020,,136595.3,,,,,
dataflow,ESTAT:TEC00001(1.0),Gross domestic product at market prices,A,Annual,B1GQ,Gross domestic product at market prices,CP_MEUR,"Current prices, million euro",UA,Ukraine,2021,,168960.3,,,,,
dataflow,ESTAT:TEC00001(1.0),Gross domestic product at market prices,A,Annual,B1GQ,Gross domestic product at market prices,CP_MEUR,"Current prices, million euro",UA,Ukraine,2022,,154006.3,,,,,
dataflow,ESTAT:TEC00001(1.0),Gross domestic product at market prices,A,Annual,B1GQ,Gross domestic product at market prices,CP_MEUR,"Current prices, million euro",UA,Ukraine,2023,,167632.0,,,,,
dataflow,ESTAT:TEC00001(1.0),Gross domestic product at market prices,A,Annual,B1GQ,Gross domestic product at market prices,CP_MEUR,"Current prices, million euro",XK,Kosovo*,2020,,6771.6,,,,,
dataflow,ESTAT:TEC00001(1.0),Gross domestic product at market prices,A,Annual,B1GQ,Gross domestic product at market prices,CP_MEUR,"Current prices, million euro",XK,Kosovo*,2021,,7957.9,,,,,
dataflow,ESTAT:TEC00001(1.0),Gross domestic product at market prices,A,Annual,B1GQ,Gross domestic product at market prices,CP_MEUR,"Current prices, million euro",XK,Kosovo*,2022,,8895.7,,,,,
dataflow,ESTAT:TEC00001(1.0),Gross domestic product at market prices,A,Annual,B1GQ,Gross domestic product at market prices,CP_MEUR,"Current prices, million euro",XK,Kosovo*,2023,,9680.1,,,,,
dataflow,ESTAT:TEC00001(1.0),Gross domestic product at market prices,A,Annual,B1GQ,Gross domestic product at market prices,CP_MEUR,"Current prices, million euro",XK,Kosovo*,2024,,10305.4,,p,provisional,,
