STRUCTURE,STRUCTURE_ID,STRUCTURE_NAME,freq,Time frequency,unit,Unit of measure,na_item,National accounts indicator (ESA 2010),geo,Geopolitical entity (reporting),TIME_PERIOD,Time,OBS_VALUE,Observation value,OBS_FLAG,Observation status (Flag) V2 structure,CONF_STATUS,Confidentiality status (flag)
dataflow,ESTAT:SDG_08_10(1.0),Real GDP per capita,A,Annual,CLV20_EUR_HAB,"Chain linked volumes (2020), euro per capita",B1GQ,Gross domestic product at market prices,AL,Albania,2020,,4710,,,,,
dataflow,ESTAT:SDG_08_10(1.0),Real GDP per capita,A,Annual,CLV20_EUR_HAB,"Chain linked volumes (2020), euro per capita",B1GQ,Gross domestic product at market prices,AL,Albania,2021,,5190,,,,,
dataflow,ESTAT:SDG_08_10(1.0),Real GDP per capita,A,Annual,CLV20_EUR_HAB,"Chain linked volumes (2020), euro per capita",B1GQ,Gross domestic product at market prices,AL,Albania,2022,,5500,,,,,
dataflow,ESTAT:SDG_08_10(1.0),Real GDP per capita,A,Annual,CLV20_EUR_HAB,"Chain linked volumes (2020), euro per capita",B1GQ,Gross domestic product at market prices,AT,Austria,2020,,42650,,,,,
dataflow,ESTAT:SDG_08_10(1.0),Real GDP per capita,A,Annual,CLV20_EUR_HAB,"Chain linked volumes (2020), euro per capita",B1GQ,Gross domestic product at market prices,AT,Austria,2021,,44520,,,,,
dataflow,ESTAT:SDG_08_10(1.0),Real GDP per capita,A,Annual,CLV20_EUR_HAB,"Chain linked volumes (2020), euro per capita",B1GQ,Gross domestic product at market prices,AT,Austria,2022,,46350,,,,,
dataflow,ESTAT:SDG_08_10(1.0),Real GDP per capita,A,Annual,CLV20_EUR_HAB,"Chain linked volumes (2020), euro per capita",B1GQ,Gross domestic product at market prices,AT,Austria,2023,,45510,,,,,
dataflow,ESTAT:SDG_08_10(1.0),Real GDP per capita,A,Annual,CLV20_EUR_HAB,"Chain linked volumes (2020), euro per capita",B1GQ,Gross domestic product at market prices,AT,Austria,2024,,44830,,,,,
dataflow,ESTAT:SDG_08_10(1.0),Real GDP per capita,A,Annual,CLV20_EUR_HAB,"Chain linked volumes (2020), euro per capita",B1GQ,Gross domestic product at market prices,BE,Belgium,2020,,40190,,,,,
dataflow,ESTAT:SDG_08_10(1.0),Real GDP per capita,A,Annual,CLV20_EUR_HAB,"Chain linked volumes (2020), euro per capita",B1GQ,Gross domestic product at market prices,BE,Belgium,2021,,42510,,,,,
dataflow,ESTAT:SDG_08_10(1.0),Real GDP per capita,A,Annual,CLV20_EUR_HAB,"Chain linked volumes (2020), euro per capita",B1GQ,Gross domestic product at market prices,BE,Belgium,2022,,43960,,,,,
dataflow,ESTAT:SDG_08_10(1.0),Real GDP per capita,A,Annual,CLV20_EUR_HAB,"Chain linked volumes (2020), euro per capita",B1GQ,Gross domestic product at market prices,BE,Belgium,2023,,44120,,p,provisional,,
dataflow,ESTAT:SDG_08_10(1.0),Real GDP per capita,A,Annual,CLV20_EUR_HAB,"Chain linked volumes (2020), euro per capita",B1GQ,Gross domestic product at market prices,BE,Belgium,2024,,44300,,p,provisional,,
dataflow,ESTAT:SDG_08_10(1.0),Real GDP per capita,A,Annual,CLV20_EUR_HAB,"Chain linked volumes (2020), euro per capita",B1GQ,Gross domestic product at market prices,BG,Bulgaria,2020,,9450,,,,,
dataflow,ESTAT:SDG_08_10(1.0),Real GDP per capita,A,Annual,CLV20_EUR_HAB,"Chain linked volumes (2020), euro per capita",B1GQ,Gross domestic product at market prices,BG,Bulgaria,2021,,10250,,,,,
dataflow,ESTAT:SDG_08_10(1.0),Real GDP per capita,A,Annual,CLV20_EUR_HAB,"Chain linked volumes (2020), euro per capita",B1GQ,Gross domestic product at market prices,BG,Bulgaria,2022,,10740,,,,,
dataflow,ESTAT:SDG_08_10(1.0),Real GDP per capita,A,Annual,CLV20_EUR_HAB,"Chain linked volumes (2020), euro per capita",B1GQ,Gross domestic product at market prices,BG,Bulgaria,2023,,10970,,,,,
dataflow,ESTAT:SDG_08_10(1.0),Real GDP per capita,A,Annual,CLV20_EUR_HAB,"Chain linked volumes (2020), euro per capita",B1GQ,Gross domestic product at market prices,BG,Bulgaria,2024,,11300,,p,provisional,,
dataflow,ESTAT:SDG_08_10(1.0),Real GDP per capita,A,Annual,CLV20_EUR_HAB,"Chain linked volumes (2020), euro per capita",B1GQ,Gross domestic product at market prices,CH,Switzerland,2020,,75280,,,,,
dataflow,ESTAT:SDG_08_10(1.0),Real GDP per capita,A,Annual,CLV20_EUR_HAB,"Chain linked volumes (2020), euro per capita",B1GQ,Gross domestic product at market prices,CH,Switzerland,2021,,78880,,,,,
dataflow,ESTAT:SDG_08_10(1.0),Real GDP per capita,A,Annual,CLV20_EUR_HAB,"Chain linked volumes (2020), euro per capita",B1GQ,Gross domestic product at market prices,CH,Switzerland,2022,,80600,,,,,
dataflow,ESTAT:SDG_08_10(1.0),Real GDP per capita,A,Annual,CLV20_EUR_HAB,"Chain linked volumes (2020), euro per capita",B1GQ,Gross domestic product at market prices,CH,Switzerland,2023,,79940,,,,,
dataflow,ESTAT:SDG_08_10(1.0),Real GDP per capita,A,Annual,CLV20_EUR_HAB,"Chain linked volumes (2020), euro per capita",B1GQ,Gross domestic product at market prices,CH,Switzerland,2024,,80080,,,,,
dataflow,ESTAT:SDG_08_10(1.0),Real GDP per capita,A,Annual,CLV20_EUR_HAB,"Chain linked volumes (2020), euro per capita",B1GQ,Gross domestic product at market prices,CY,Cyprus,2020,,24630,,,,,
dataflow,ESTAT:SDG_08_10(1.0),Real GDP per capita,A,Annual,CLV20_EUR_HAB,"Chain linked volumes (2020), euro per capita",B1GQ,Gross domestic product at market prices,CY,Cyprus,2021,,27030,,,,,
dataflow,ESTAT:SDG_08_10(1.0),Real GDP per capita,A,Annual,CLV20_EUR_HAB,"Chain linked volumes (2020), euro per capita",B1GQ,Gross domestic product at market prices,CY,Cyprus,2022,,28440,,,,,
dataflow,ESTAT:SDG_08_10(1.0),Real GDP per capita,A,Annual,CLV20_EUR_HAB,"Chain linked volumes (2020), euro per capita",B1GQ,Gross domestic product at market prices,CY,Cyprus,2023,,28670,,p,provisional,,
dataflow,ESTAT:SDG_08_10(1.0),Real GDP per capita,A,Annual,CLV20_EUR_HAB,"Chain linked volumes (2020), euro per capita",B1GQ,Gross domestic product at market prices,CY,Cyprus,2024,,29190,,p,provisional,,
dataflow,ESTAT:SDG_08_10(1.0),Real GDP per capita,A,Annual,CLV20_EUR_HAB,"Chain linked volumes (2020), euro per capita",B1GQ,Gross domestic product at market prices,CZ,Czechia,2020,,20980,,,,,
dataflow,ESTAT:SDG_08_10(1.0),Real GDP per capita,A,Annual,CLV20_EUR_HAB,"Chain linked volumes (2020), euro per capita",B1GQ,Gross domestic product at market prices,CZ,Czechia,2021,,21830,,,,,
dataflow,ESTAT:SDG_08_10(1.0),Real GDP per capita,A,Annual,CLV20_EUR_HAB,"Chain linked volumes (2020), euro per capita",B1GQ,Gross domestic product at market prices,CZ,Czechia,2022,,21910,,,,,
dataflow,ESTAT:SDG_08_10(1.0),Real GDP per capita,A,Annual,CLV20_EUR_HAB,"Chain linked volumes (2020), euro per capita",B1GQ,Gross domestic product at market prices,CZ,Czechia,2023,,21660,,,,,
dataflow,ESTAT:SDG_08_10(1.0),Real GDP per capita,A,Annual,CLV20_EUR_HAB,"Chain linked volumes (2020), euro per capita",B1GQ,Gross domestic product at market prices,CZ,Czechia,2024,,21870,,,,,
dataflow,ESTAT:SDG_08_10(1.0),Real GDP per capita,A,Annual,CLV20_EUR_HAB,"Chain linked volumes (2020), euro per capita",B1GQ,Gross domestic product at market prices,DE,Germany,2020,,41480,,,,,
dataflow,ESTAT:SDG_08_10(1.0),Real GDP per capita,A,Annual,CLV20_EUR_HAB,"Chain linked volumes (2020), euro per capita",B1GQ,Gross domestic product at market prices,DE,Germany,2021,,42990,,p,provisional,,
dataflow,ESTAT:SDG_08_10(1.0),Real GDP per capita,A,Annual,CLV20_EUR_HAB,"Chain linked volumes (2020), euro per capita",B1GQ,Gross domestic product at market prices,DE,Germany,2022,,43260,,p,provisional,,
dataflow,ESTAT:SDG_08_10(1.0),Real GDP per capita,A,Annual,CLV20_EUR_HAB,"Chain linked volumes (2020), euro per capita",B1GQ,Gross domestic product at market prices,DE,Germany,2023,,42780,,p,provisional,,
dataflow,ESTAT:SDG_08_10(1.0),Real GDP per capita,A,Annual,CLV20_EUR_HAB,"Chain linked volumes (2020), euro per capita",B1GQ,Gross domestic product at market prices,DE,Germany,2024,,42580,,p,provisional,,
dataflow,ESTAT:SDG_08_10(1.0),Real GDP per capita,A,Annual,CLV20_EUR_HAB,"Chain linked volumes (2020), euro per capita",B1GQ,Gross domestic product at market prices,DK,Denmark,2020,,53540,,,,,
dataflow,ESTAT:SDG_08_10(1.0),Real GDP per capita,A,Annual,CLV20_EUR_HAB,"Chain linked volumes (2020), euro per capita",B1GQ,Gross domestic product at market prices,DK,Denmark,2021,,56780,,,,,
dataflow,ESTAT:SDG_08_10(1.0),Real GDP per capita,A,Annual,CLV20_EUR_HAB,"Chain linked volumes (2020), euro per capita",B1GQ,Gross domestic product at market prices,DK,Denmark,2022,,56530,,,,,
dataflow,ESTAT:SDG_08_10(1.0),Real GDP per capita,A,Annual,CLV20_EUR_HAB,"Chain linked volumes (2020), euro per capita",B1GQ,Gross domestic product at market prices,DK,Denmark,2023,,56470,,,,,
dataflow,ESTAT:SDG_08_10(1.0),Real GDP per capita,A,Annual,CLV20_EUR_HAB,"Chain linked volumes (2020), euro per capita",B1GQ,Gross domestic product at market prices,DK,Denmark,2024,,58160,,,,,
dataflow,ESTAT:SDG_08_10(1.0),Real GDP per capita,A,Annual,CLV20_EUR_HAB,"Chain linked volumes (2020), euro per capita",B1GQ,Gross domestic product at market prices,EE,Estonia,2020,,20960,,,,,
dataflow,ESTAT:SDG_08_10(1.0),Real GDP per capita,A,Annual,CLV20_EUR_HAB,"Chain linked volumes (2020), euro per capita",B1GQ,Gross domestic product at market prices,EE,Estonia,2021,,22440,,,,,
dataflow,ESTAT:SDG_08_10(1.0),Real GDP per capita,A,Annual,CLV20_EUR_HAB,"Chain linked volumes (2020), euro per capita",B1GQ,Gross domestic product at market prices,EE,Estonia,2022,,22430,,,,,
dataflow,ESTAT:SDG_08_10(1.0),Real GDP per capita,A,Annual,CLV20_EUR_HAB,"Chain linked volumes (2020), euro per capita",B1GQ,Gross domestic product at market prices,EE,Estonia,2023,,21210,,,,,
dataflow,ESTAT:SDG_08_10(1.0),Real GDP per capita,A,Annual,CLV20_EUR_HAB,"Chain linked volumes (2020), euro per capita",B1GQ,Gross domestic product at market prices,EE,Estonia,2024,,21020,,,,,
dataflow,ESTAT:SDG_08_10(1.0),Real GDP per capita,A,Annual,CLV20_EUR_HAB,"Chain linked volumes (2020), euro per capita",B1GQ,Gross domestic product at market prices,EL,Greece,2020,,15660,,,,,
dataflow,ESTAT:SDG_08_10(1.0),Real GDP per capita,A,Annual,CLV20_EUR_HAB,"Chain linked volumes (2020), euro per capita",B1GQ,Gross domestic product at market prices,EL,Greece,2021,,17110,,,,,
dataflow,ESTAT:SDG_08_10(1.0),Real GDP per capita,A,Annual,CLV20_EUR_HAB,"Chain linked volumes (2020), euro per capita",B1GQ,Gross domestic product at market prices,EL,Greece,2022,,18200,,p,provisional,,
dataflow,ESTAT:SDG_08_10(1.0),Real GDP per capita,A,Annual,CLV20_EUR_HAB,"Chain linked volumes (2020), euro per capita",B1GQ,Gross domestic product at market prices,EL,Greece,2023,,18670,,p,provisional,,
dataflow,ESTAT:SDG_08_10(1.0),Real GDP per capita,A,Annual,CLV20_EUR_HAB,"Chain linked volumes (2020), euro per capita",B1GQ,Gross domestic product at market prices,EL,Greece,2024,,19130,,p,provisional,,
dataflow,ESTAT:SDG_08_10(1.0),Real GDP per capita,A,Annual,CLV20_EUR_HAB,"Chain linked volumes (2020), euro per capita",B1GQ,Gross domestic product at market prices,ES,Spain,2020,,23850,,,,,
dataflow,ESTAT:SDG_08_10(1.0),Real GDP per capita,A,Annual,CLV20_EUR_HAB,"Chain linked volumes (2020), euro per capita",B1GQ,Gross domestic product at market prices,ES,Spain,2021,,25440,,,,,
dataflow,ESTAT:SDG_08_10(1.0),Real GDP per capita,A,Annual,CLV20_EUR_HAB,"Chain linked volumes (2020), euro per capita",B1GQ,Gross domestic product at market prices,ES,Spain,2022,,26770,,p,provisional,,
dataflow,ESTAT:SDG_08_10(1.0),Real GDP per capita,A,Annual,CLV20_EUR_HAB,"Chain linked volumes (2020), euro per capita",B1GQ,Gross domestic product at market prices,ES,Spain,2023,,27150,,p,provisional,,
dataflow,ESTAT:SDG_08_10(1.0),Real GDP per capita,A,Annual,CLV20_EUR_HAB,"Chain linked volumes (2020), euro per capita",B1GQ,Gross domestic product at market prices,ES,Spain,2024,,27740,,p,provisional,,
dataflow,ESTAT:SDG_08_10(1.0),Real GDP per capita,A,Annual,CLV20_EUR_HAB,"Chain linked volumes (2020), euro per capita",B1GQ,Gross domestic product at market prices,EU27_2020,European Union - 27 countries (from 2020),2020,,30440,,b,break in time series,,
dataflow,ESTAT:SDG_08_10(1.0),Real GDP per capita,A,Annual,CLV20_EUR_HAB,"Chain linked volumes (2020), euro per capita",B1GQ,Gross domestic product at market prices,EU27_2020,European Union - 27 countries (from 2020),2021,,32370,,,,,
dataflow,ESTAT:SDG_08_10(1.0),Real GDP per capita,A,Annual,CLV20_EUR_HAB,"Chain linked volumes (2020), euro per capita",B1GQ,Gross domestic product at market prices,EU27_2020,European Union - 27 countries (from 2020),2022,,33290,,,,,
dataflow,ESTAT:SDG_08_10(1.0),Real GDP per capita,A,Annual,CLV20_EUR_HAB,"Chain linked volumes (2020), euro per capita",B1GQ,Gross domestic product at market prices,EU27_2020,European Union - 27 countries (from 2020),2023,,33300,,,,,
dataflow,ESTAT:SDG_08_10(1.0),Real GDP per capita,A,Annual,CLV20_EUR_HAB,"Chain linked volumes (2020), euro per capita",B1GQ,Gross domestic product at market prices,EU27_2020,European Union - 27 countries (from 2020),2024,,33550,,,,,
dataflow,ESTAT:SDG_08_10(1.0),Real GDP per capita,A,Annual,CLV20_EUR_HAB,"Chain linked volumes (2020), euro per capita",B1GQ,Gross domestic product at market prices,FI,Finland,2020,,42740,,,,,
dataflow,ESTAT:SDG_08_10(1.0),Real GDP per capita,A,Annual,CLV20_EUR_HAB,"Chain linked volumes (2020), euro per capita",B1GQ,Gross domestic product at market prices,FI,Finland,2021,,43800,,,,,
dataflow,ESTAT:SDG_08_10(1.0),Real GDP per capita,A,Annual,CLV20_EUR_HAB,"Chain linked volumes (2020), euro per capita",B1GQ,Gross domestic product at market prices,FI,Finland,2022,,44010,,,,,
dataflow,ESTAT:SDG_08_10(1.0),Real GDP per capita,A,Annual,CLV20_EUR_HAB,"Chain linked volumes (2020), euro per capita",B1GQ,Gross domestic product at market prices,FI,Finland,2023,,43430,,,,,
dataflow,ESTAT:SDG_08_10(1.0),Real GDP per capita,A,Annual,CLV20_EUR_HAB,"Chain linked volumes (2020), euro per capita",B1GQ,Gross domestic product at market prices,FI,Finland,2024,,43040,,,,,
dataflow,ESTAT:SDG_08_10(1.0),Real GDP per capita,A,Annual,CLV20_EUR_HAB,"Chain linked volumes (2020), euro per capita",B1GQ,Gross domestic product at market prices,FR,France,2020,,34280,,,,,
dataflow,ESTAT:SDG_08_10(1.0),Real GDP per capita,A,Annual,CLV20_EUR_HAB,"Chain linked volumes (2020), euro per capita",B1GQ,Gross domestic product at market prices,FR,France,2021,,36470,,,,,
dataflow,ESTAT:SDG_08_10(1.0),Real GDP per capita,A,Annual,CLV20_EUR_HAB,"Chain linked volumes (2020), euro per capita",B1GQ,Gross domestic product at market prices,FR,France,2022,,37320,,,,,
dataflow,ESTAT:SDG_08_10(1.0),Real GDP per capita,A,Annual,CLV20_EUR_HAB,"Chain linked volumes (2020), euro per capita",B1GQ,Gross domestic product at market prices,FR,France,2023,,37760,,p,provisional,,
dataflow,ESTAT:SDG_08_10(1.0),Real GDP per capita,A,Annual,CLV20_EUR_HAB,"Chain linked volumes (2020), euro per capita",B1GQ,Gross domestic product at market prices,FR,France,2024,,38110,,p,provisional,,
dataflow,ESTAT:SDG_08_10(1.0),Real GDP per capita,A,Annual,CLV20_EUR_HAB,"Chain linked volumes (2020), euro per capita",B1GQ,Gross domestic product at market prices,HR,Croatia,2020,,12840,,,,,
dataflow,ESTAT:SDG_08_10(1.0),Real GDP per capita,A,Annual,CLV20_EUR_HAB,"Chain linked volumes (2020), euro per capita",B1GQ,Gross domestic product at market prices,HR,Croatia,2021,,14560,,,,,
dataflow,ESTAT:SDG_08_10(1.0),Real GDP per capita,A,Annual,CLV20_EUR_HAB,"Chain linked volumes (2020), euro per capita",B1GQ,Gross domestic product at market prices,HR,Croatia,2022,,15640,,,,,
dataflow,ESTAT:SDG_08_10(1.0),Real GDP per capita,A,Annual,CLV20_EUR_HAB,"Chain linked volumes (2020), euro per capita",B1GQ,Gross domestic product at market prices,HR,Croatia,2023,,16060,,p,provisional,,
dataflow,ESTAT:SDG_08_10(1.0),Real GDP per capita,A,Annual,CLV20_EUR_HAB,"Chain linked volumes (2020), euro per capita",B1GQ,Gross domestic product at market prices,HR,Croatia,2024,,16710,,p,provisional,,
dataflow,ESTAT:SDG_08_10(1.0),Real GDP per capita,A,Annual,CLV20_EUR_HAB,"Chain linked volumes (2020), euro per capita",B1GQ,Gross domestic product at market prices,HU,Hungary,2020,,14370,,,,,
dataflow,ESTAT:SDG_08_10(1.0),Real GDP per capita,A,Annual,CLV20_EUR_HAB,"Chain linked volumes (2020), euro per capita",B1GQ,Gross domestic product at market prices,HU,Hungary,2021,,15470,,,,,
dataflow,ESTAT:SDG_08_10(1.0),Real GDP per capita,A,Annual,CLV20_EUR_HAB,"Chain linked volumes (2020), euro per capita",B1GQ,Gross domestic product at market prices,HU,Hungary,2022,,16170,,,,,
dataflow,ESTAT:SDG_08_10(1.0),Real GDP per capita,A,Annual,CLV20_EUR_HAB,"Chain linked volumes (2020), euro per capita",B1GQ,Gross domestic product at market prices,HU,Hungary,2023,,16060,,,,,
dataflow,ESTAT:SDG_08_10(1.0),Real GDP per capita,A,Annual,CLV20_EUR_HAB,"Chain linked volumes (2020), euro per capita",B1GQ,Gross domestic product at market prices,HU,Hungary,2024,,16190,,p,provisional,,
dataflow,ESTAT:SDG_08_10(1.0),Real GDP per capita,A,Annual,CLV20_EUR_HAB,"Chain linked volumes (2020), euro per capita",B1GQ,Gross domestic product at market prices,IE,Ireland,2020,,75920,,,,,
dataflow,ESTAT:SDG_08_10(1.0),Real GDP per capita,A,Annual,CLV20_EUR_HAB,"Chain linked volumes (2020), euro per capita",B1GQ,Gross domestic product at market prices,IE,Ireland,2021,,87260,,,,,
dataflow,ESTAT:SDG_08_10(1.0),Real GDP per capita,A,Annual,CLV20_EUR_HAB,"Chain linked volumes (2020), euro per capita",B1GQ,Gross domestic product at market prices,IE,Ireland,2022,,92820,,,,,
dataflow,ESTAT:SDG_08_10(1.0),Real GDP per capita,A,Annual,CLV20_EUR_HAB,"Chain linked volumes (2020), euro per capita",B1GQ,Gross domestic product at market prices,IE,Ireland,2023,,86090,,,,,
dataflow,ESTAT:SDG_08_10(1.0),Real GDP per capita,A,Annual,CLV20_EUR_HAB,"Chain linked volumes (2020), euro per capita",B1GQ,Gross domestic product at market prices,IE,Ireland,2024,,85700,,,,,
dataflow,ESTAT:SDG_08_10(1.0),Real GDP per capita,A,Annual,CLV20_EUR_HAB,"Chain linked volumes (2020), euro per capita",B1GQ,Gross domestic product at market prices,IS,Iceland,2020,,53190,,,,,
dataflow,ESTAT:SDG_08_10(1.0),Real GDP per capita,A,Annual,CLV20_EUR_HAB,"Chain linked volumes (2020), euro per capita",B1GQ,Gross domestic product at market prices,IS,Iceland,2021,,55040,,,,,
dataflow,ESTAT:SDG_08_10(1.0),Real GDP per capita,A,Annual,CLV20_EUR_HAB,"Chain linked volumes (2020), euro per capita",B1GQ,Gross domestic product at market prices,IS,Iceland,2022,,58600,,,,,
dataflow,ESTAT:SDG_08_10(1.0),Real GDP per capita,A,Annual,CLV20_EUR_HAB,"Chain linked volumes (2020), euro per capita",B1GQ,Gross domestic product at market prices,IS,Iceland,2023,,60380,,,,,
dataflow,ESTAT:SDG_08_10(1.0),Real GDP per capita,A,Annual,CLV20_EUR_HAB,"Chain linked volumes (2020), euro per capita",B1GQ,Gross domestic product at market prices,IS,Iceland,2024,,59580,,e,estimated,,
dataflow,ESTAT:SDG_08_10(1.0),Real GDP per capita,A,Annual,CLV20_EUR_HAB,"Chain linked volumes (2020), euro per capita",B1GQ,Gross domestic product at market prices,IT,Italy,2020,,28100,,,,,
dataflow,ESTAT:SDG_08_10(1.0),Real GDP per capita,A,Annual,CLV20_EUR_HAB,"Chain linked volumes (2020), euro per capita",B1GQ,Gross domestic product at market prices,IT,Italy,2021,,30760,,,,,
dataflow,ESTAT:SDG_08_10(1.0),Real GDP per capita,A,Annual,CLV20_EUR_HAB,"Chain linked volumes (2020), euro per capita",B1GQ,Gross domestic product at market prices,IT,Italy,2022,,32310,,,,,
dataflow,ESTAT:SDG_08_10(1.0),Real GDP per capita,A,Annual,CLV20_EUR_HAB,"Chain linked volumes (2020), euro per capita",B1GQ,Gross domestic product at market prices,IT,Italy,2023,,32560,,,,,
dataflow,ESTAT:SDG_08_10(1.0),Real GDP per capita,A,Annual,CLV20_EUR_HAB,"Chain linked volumes (2020), euro per capita",B1GQ,Gross domestic product at market prices,IT,Italy,2024,,32810,,e,estimated,,
dataflow,ESTAT:SDG_08_10(1.0),Real GDP per capita,A,Annual,CLV20_EUR_HAB,"Chain linked volumes (2020), euro per capita",B1GQ,Gross domestic product at market prices,LT,Lithuania,2020,,17890,,,,,
dataflow,ESTAT:SDG_08_10(1.0),Real GDP per capita,A,Annual,CLV20_EUR_HAB,"Chain linked volumes (2020), euro per capita",B1GQ,Gross domestic product at market prices,LT,Lithuania,2021,,19040,,,,,
dataflow,ESTAT:SDG_08_10(1.0),Real GDP per capita,A,Annual,CLV20_EUR_HAB,"Chain linked volumes (2020), euro per capita",B1GQ,Gross domestic product at market prices,LT,Lithuania,2022,,19360,,,,,
dataflow,ESTAT:SDG_08_10(1.0),Real GDP per capita,A,Annual,CLV20_EUR_HAB,"Chain linked volumes (2020), euro per capita",B1GQ,Gross domestic product at market prices,LT,Lithuania,2023,,19160,,,,,
dataflow,ESTAT:SDG_08_10(1.0),Real GDP per capita,A,Annual,CLV20_EUR_HAB,"Chain linked volumes (2020), euro per capita",B1GQ,Gross domestic product at market prices,LT,Lithuania,2024,,19580,,,,,
dataflow,ESTAT:SDG_08_10(1.0),Real GDP per capita,A,Annual,CLV20_EUR_HAB,"Chain linked volumes (2020), euro per capita",B1GQ,Gross domestic product at market prices,LU,Luxembourg,2020,,102190,,,,,
dataflow,ESTAT:SDG_08_10(1.0),Real GDP per capita,A,Annual,CLV20_EUR_HAB,"Chain linked volumes (2020), euro per capita",B1GQ,Gross domestic product at market prices,LU,Luxembourg,2021,,107570,,,,,
dataflow,ESTAT:SDG_08_10(1.0),Real GDP per capita,A,Annual,CLV20_EUR_HAB,"Chain linked volumes (2020), euro per capita",B1GQ,Gross domestic product at market prices,LU,Luxembourg,2022,,104100,,,,,
dataflow,ESTAT:SDG_08_10(1.0),Real GDP per capita,A,Annual,CLV20_EUR_HAB,"Chain linked volumes (2020), euro per capita",B1GQ,Gross domestic product at market prices,LU,Luxembourg,2023,,101450,,,,,
dataflow,ESTAT:SDG_08_10(1.0),Real GDP per capita,A,Annual,CLV20_EUR_HAB,"Chain linked volumes (2020), euro per capita",B1GQ,Gross domestic product at market prices,LU,Luxembourg,2024,,100880,,p,provisional,,
dataflow,ESTAT:SDG_08_10(1.0),Real GDP per capita,A,Annual,CLV20_EUR_HAB,"Chain linked volumes (2020), euro per capita",B1GQ,Gross domestic product at market prices,LV,Latvia,2020,,15370,,,,,
dataflow,ESTAT:SDG_08_10(1.0),Real GDP per capita,A,Annual,CLV20_EUR_HAB,"Chain linked volumes (2020), euro per capita",B1GQ,Gross domestic product at market prices,LV,Latvia,2021,,16580,,,,,
dataflow,ESTAT:SDG_08_10(1.0),Real GDP per capita,A,Annual,CLV20_EUR_HAB,"Chain linked volumes (2020), euro per capita",B1GQ,Gross domestic product at market prices,LV,Latvia,2022,,16870,,,,,
dataflow,ESTAT:SDG_08_10(1.0),Real GDP per capita,A,Annual,CLV20_EUR_HAB,"Chain linked volumes (2020), euro per capita",B1GQ,Gross domestic product at market prices,LV,Latvia,2023,,17390,,,,,
dataflow,ESTAT:SDG_08_10(1.0),Real GDP per capita,A,Annual,CLV20_EUR_HAB,"Chain linked volumes (2020), euro per capita",B1GQ,Gross domestic product at market prices,LV,Latvia,2024,,17510,,,,,
dataflow,ESTAT:SDG_08_10(1.0),Real GDP per capita,A,Annual,CLV20_EUR_HAB,"Chain linked volumes (2020), euro per capita",B1GQ,Gross domestic product at market prices,ME,Montenegro,2020,,6740,,,,,
dataflow,ESTAT:SDG_08_10(1.0),Real GDP per capita,A,Annual,CLV20_EUR_HAB,"Chain linked volumes (2020), euro per capita",B1GQ,Gross domestic product at market prices,ME,Montenegro,2021,,7640,,,,,
dataflow,ESTAT:SDG_08_10(1.0),Real GDP per capita,A,Annual,CLV20_EUR_HAB,"Chain linked volumes (2020), euro per capita",B1GQ,Gross domestic product at market prices,ME,Montenegro,2022,,8160,,,,,
dataflow,ESTAT:SDG_08_10(1.0),Real GDP per capita,A,Annual,CLV20_EUR_HAB,"Chain linked volumes (2020), euro per capita",B1GQ,Gross domestic product at market prices,ME,Montenegro,2023,,8460,,p,provisional,,
dataflow,ESTAT:SDG_08_10(1.0),Real GDP per capita,A,Annual,CLV20_EUR_HAB,"Chain linked volumes (2020), euro per capita",B1GQ,Gross domestic product at market prices,MK,North Macedonia,2020,,5840,,e,estimated,,
dataflow,ESTAT:SDG_08_10(1.0),Real GDP per capita,A,Annual,CLV20_EUR_HAB,"Chain linked volumes (2020), euro per capita",B1GQ,Gross domestic product at market prices,MK,North Macedonia,2021,,6170,,e,estimated,,
dataflow,ESTAT:SDG_08_10(1.0),Real GDP per capita,A,Annual,CLV20_EUR_HAB,"Chain linked volumes (2020), euro per capita",B1GQ,Gross domestic product at market prices,MK,North Macedonia,2022,,6360,,e,estimated,,
dataflow,ESTAT:SDG_08_10(1.0),Real GDP per capita,A,Annual,CLV20_EUR_HAB,"Chain linked volumes (2020), euro per capita",B1GQ,Gross domestic product at market prices,MK,North Macedonia,2023,,6510,,e,estimated,,
dataflow,ESTAT:SDG_08_10(1.0),Real GDP per capita,A,Annual,CLV20_EUR_HAB,"Chain linked volumes (2020), euro per capita",B1GQ,Gross domestic product at market prices,MT,Malta,2020,,27890,,,,,
dataflow,ESTAT:SDG_08_10(1.0),Real GDP per capita,A,Annual,CLV20_EUR_HAB,"Chain linked volumes (2020), euro per capita",B1GQ,Gross domestic product at market prices,MT,Malta,2021,,31410,,,,,
dataflow,ESTAT:SDG_08_10(1.0),Real GDP per capita,A,Annual,CLV20_EUR_HAB,"Chain linked volumes (2020), euro per capita",B1GQ,Gross domestic product at market prices,MT,Malta,2022,,31910,,,,,
dataflow,ESTAT:SDG_08_10(1.0),Real GDP per capita,A,Annual,CLV20_EUR_HAB,"Chain linked volumes (2020), euro per capita",B1GQ,Gross domestic product at market prices,MT,Malta,2023,,32740,,,,,
dataflow,ESTAT:SDG_08_10(1.0),Real GDP per capita,A,Annual,CLV20_EUR_HAB,"Chain linked volumes (2020), euro per capita",B1GQ,Gross domestic product at market prices,MT,Malta,2024,,33610,,,,,
dataflow,ESTAT:SDG_08_10(1.0),Real GDP per capita,A,Annual,CLV20_EUR_HAB,"Chain linked volumes (2020), euro per capita",B1GQ,Gross domestic product at market prices,NL,Netherlands,2020,,46810,,,,,
dataflow,ESTAT:SDG_08_10(1.0),Real GDP per capita,A,Annual,CLV20_EUR_HAB,"Chain linked volumes (2020), euro per capita",B1GQ,Gross domestic product at market prices,NL,Netherlands,2021,,49490,,,,,
dataflow,ESTAT:SDG_08_10(1.0),Real GDP per capita,A,Annual,CLV20_EUR_HAB,"Chain linked volumes (2020), euro per capita",B1GQ,Gross domestic product at market prices,NL,Netherlands,2022,,51480,,,,,
dataflow,ESTAT:SDG_08_10(1.0),Real GDP per capita,A,Annual,CLV20_EUR_HAB,"Chain linked volumes (2020), euro per capita",B1GQ,Gross domestic product at market prices,NL,Netherlands,2023,,50660,,p,provisional,,
dataflow,ESTAT:SDG_08_10(1.0),Real GDP per capita,A,Annual,CLV20_EUR_HAB,"Chain linked volumes (2020), euro per capita",B1GQ,Gross domestic product at market prices,NL,Netherlands,2024,,50880,,p,provisional,,
dataflow,ESTAT:SDG_08_10(1.0),Real GDP per capita,A,Annual,CLV20_EUR_HAB,"Chain linked volumes (2020), euro per capita",B1GQ,Gross domestic product at market prices,NO,Norway,2020,,60020,,,,,
dataflow,ESTAT:SDG_08_10(1.0),Real GDP per capita,A,Annual,CLV20_EUR_HAB,"Chain linked volumes (2020), euro per capita",B1GQ,Gross domestic product at market prices,NO,Norway,2021,,62030,,,,,
dataflow,ESTAT:SDG_08_10(1.0),Real GDP per capita,A,Annual,CLV20_EUR_HAB,"Chain linked volumes (2020), euro per capita",B1GQ,Gross domestic product at market prices,NO,Norway,2022,,63470,,,,,
dataflow,ESTAT:SDG_08_10(1.0),Real GDP per capita,A,Annual,CLV20_EUR_HAB,"Chain linked volumes (2020), euro per capita",B1GQ,Gross domestic product at market prices,NO,Norway,2023,,62790,,,,,
dataflow,ESTAT:SDG_08_10(1.0),Real GDP per capita,A,Annual,CLV20_EUR_HAB,"Chain linked volumes (2020), euro per capita",B1GQ,Gross domestic product at market prices,NO,Norway,2024,,63500,,,,,
dataflow,ESTAT:SDG_08_10(1.0),Real GDP per capita,A,Annual,CLV20_EUR_HAB,"Chain linked volumes (2020), euro per capita",B1GQ,Gross domestic product at market prices,PL,Poland,2020,,14310,,b,break in time series,,
dataflow,ESTAT:SDG_08_10(1.0),Real GDP per capita,A,Annual,CLV20_EUR_HAB,"Chain linked volumes (2020), euro per capita",B1GQ,Gross domestic product at market prices,PL,Poland,2021,,15380,,,,,
dataflow,ESTAT:SDG_08_10(1.0),Real GDP per capita,A,Annual,CLV20_EUR_HAB,"Chain linked volumes (2020), euro per capita",B1GQ,Gross domestic product at market prices,PL,Poland,2022,,15840,,b,break in time series,,
dataflow,ESTAT:SDG_08_10(1.0),Real GDP per capita,A,Annual,CLV20_EUR_HAB,"Chain linked volumes (2020), euro per capita",B1GQ,Gross domestic product at market prices,PL,Poland,2023,,15950,,,,,
dataflow,ESTAT:SDG_08_10(1.0),Real GDP per capita,A,Annual,CLV20_EUR_HAB,"Chain linked volumes (2020), euro per capita",B1GQ,Gross domestic product at market prices,PL,Poland,2024,,16470,,p,provisional,,
dataflow,ESTAT:SDG_08_10(1.0),Real GDP per capita,A,Annual,CLV20_EUR_HAB,"Chain linked volumes (2020), euro per capita",B1GQ,Gross domestic product at market prices,PT,Portugal,2020,,19360,,,,,
dataflow,ESTAT:SDG_08_10(1.0),Real GDP per capita,A,Annual,CLV20_EUR_HAB,"Chain linked volumes (2020), euro per capita",B1GQ,Gross domestic product at market prices,PT,Portugal,2021,,20390,,,,,
dataflow,ESTAT:SDG_08_10(1.0),Real GDP per capita,A,Annual,CLV20_EUR_HAB,"Chain linked volumes (2020), euro per capita",B1GQ,Gross domestic product at market prices,PT,Portugal,2022,,21690,,,,,
dataflow,ESTAT:SDG_08_10(1.0),Real GDP per capita,A,Annual,CLV20_EUR_HAB,"Chain linked volumes (2020), euro per capita",B1GQ,Gross domestic product at market prices,PT,Portugal,2023,,22020,,p,provisional,,
dataflow,ESTAT:SDG_08_10(1.0),Real GDP per capita,A,Annual,CLV20_EUR_HAB,"Chain linked volumes (2020), euro per capita",B1GQ,Gross domestic product at market prices,PT,Portugal,2024,,22230,,p,provisional,,
dataflow,ESTAT:SDG_08_10(1.0),Real GDP per capita,A,Annual,CLV20_EUR_HAB,"Chain linked volumes (2020), euro per capita",B1GQ,Gross domestic product at market prices,RO,Romania,2020,,11460,,,,,
dataflow,ESTAT:SDG_08_10(1.0),Real GDP per capita,A,Annual,CLV20_EUR_HAB,"Chain linked volumes (2020), euro per capita",B1GQ,Gross domestic product at market prices,RO,Romania,2021,,12190,,,,,
dataflow,ESTAT:SDG_08_10(1.0),Real GDP per capita,A,Annual,CLV20_EUR_HAB,"Chain linked volumes (2020), euro per capita",B1GQ,Gross domestic product at market prices,RO,Romania,2022,,12730,,,,,
dataflow,ESTAT:SDG_08_10(1.0),Real GDP per capita,A,Annual,CLV20_EUR_HAB,"Chain linked volumes (2020), euro per capita",B1GQ,Gross domestic product at market prices,RO,Romania,2023,,13030,,p,provisional,,
dataflow,ESTAT:SDG_08_10(1.0),Real GDP per capita,A,Annual,CLV20_EUR_HAB,"Chain linked volumes (2020), euro per capita",B1GQ,Gross domestic product at market prices,RO,Romania,2024,,13130,,p,provisional,,
dataflow,ESTAT:SDG_08_10(1.0),Real GDP per capita,A,Annual,CLV20_EUR_HAB,"Chain linked volumes (2020), euro per capita",B1GQ,Gross domestic product at market prices,RS,Serbia,2020,,7110,,,,,
dataflow,ESTAT:SDG_08_10(1.0),Real GDP per capita,A,Annual,CLV20_EUR_HAB,"Chain linked volumes (2020), euro per capita",B1GQ,Gross domestic product at market prices,RS,Serbia,2021,,7740,,,,,
dataflow,ESTAT:SDG_08_10(1.0),Real GDP per capita,A,Annual,CLV20_EUR_HAB,"Chain linked volumes (2020), euro per capita",B1GQ,Gross domestic product at market prices,RS,Serbia,2022,,8150,,p,provisional,,
dataflow,ESTAT:SDG_08_10(1.0),Real GDP per capita,A,Annual,CLV20_EUR_HAB,"Chain linked volumes (2020), euro per capita",B1GQ,Gross domestic product at market prices,RS,Serbia,2023,,8520,,p,provisional,,
dataflow,ESTAT:SDG_08_10(1.0),Real GDP per capita,A,Annual,CLV20_EUR_HAB,"Chain linked volumes (2020), euro per capita",B1GQ,Gross domestic product at market prices,RS,Serbia,2024,,8900,,p,provisional,,
dataflow,ESTAT:SDG_08_10(1.0),Real GDP per capita,A,Annual,CLV20_EUR_HAB,"Chain linked volumes (2020), euro per capita",B1GQ,Gross domestic product at market prices,SE,Sweden,2020,,46180,,,,,
dataflow,ESTAT:SDG_08_10(1.0),Real GDP per capita,A,Annual,CLV20_EUR_HAB,"Chain linked volumes (2020), euro per capita",B1GQ,Gross domestic product at market prices,SE,Sweden,2021,,48300,,,,,
dataflow,ESTAT:SDG_08_10(1.0),Real GDP per capita,A,Annual,CLV20_EUR_HAB,"Chain linked volumes (2020), euro per capita",B1GQ,Gross domestic product at market prices,SE,Sweden,2022,,48390,,,,,
dataflow,ESTAT:SDG_08_10(1.0),Real GDP per capita,A,Annual,CLV20_EUR_HAB,"Chain linked volumes (2020), euro per capita",B1GQ,Gross domestic product at market prices,SE,Sweden,2023,,47960,,,,,
dataflow,ESTAT:SDG_08_10(1.0),Real GDP per capita,A,Annual,CLV20_EUR_HAB,"Chain linked volumes (2020), euro per capita",B1GQ,Gross domestic product at market prices,SE,Sweden,2024,,48300,,,,,
dataflow,ESTAT:SDG_08_10(1.0),Real GDP per capita,A,Annual,CLV20_EUR_HAB,"Chain linked volumes (2020), euro per capita",B1GQ,Gross domestic product at market prices,SI,Slovenia,2020,,22230,,,,,
dataflow,ESTAT:SDG_08_10(1.0),Real GDP per capita,A,Annual,CLV20_EUR_HAB,"Chain linked volumes (2020), euro per capita",B1GQ,Gross domestic product at market prices,SI,Slovenia,2021,,24040,,,,,
dataflow,ESTAT:SDG_08_10(1.0),Real GDP per capita,A,Annual,CLV20_EUR_HAB,"Chain linked volumes (2020), euro per capita",B1GQ,Gross domestic product at market prices,SI,Slovenia,2022,,24660,,,,,
dataflow,ESTAT:SDG_08_10(1.0),Real GDP per capita,A,Annual,CLV20_EUR_HAB,"Chain linked volumes (2020), euro per capita",B1GQ,Gross domestic product at market prices,SI,Slovenia,2023,,25050,,,,,
dataflow,ESTAT:SDG_08_10(1.0),Real GDP per capita,A,Annual,CLV20_EUR_HAB,"Chain linked volumes (2020), euro per capita",B1GQ,Gross domestic product at market prices,SI,Slovenia,2024,,25380,,,,,
dataflow,ESTAT:SDG_08_10(1.0),Real GDP per capita,A,Annual,CLV20_EUR_HAB,"Chain linked volumes (2020), euro per capita",B1GQ,Gross domestic product at market prices,SK,Slovakia,2020,,17270,,,,,
dataflow,ESTAT:SDG_08_10(1.0),Real GDP per capita,A,Annual,CLV20_EUR_HAB,"Chain linked volumes (2020), euro per capita",B1GQ,Gross domestic product at market prices,SK,Slovakia,2021,,18320,,b,break in time series,,
dataflow,ESTAT:SDG_08_10(1.0),Real GDP per capita,A,Annual,CLV20_EUR_HAB,"Chain linked volumes (2020), euro per capita",B1GQ,Gross domestic product at market prices,SK,Slovakia,2022,,18350,,,,,
dataflow,ESTAT:SDG_08_10(1.0),Real GDP per capita,A,Annual,CLV20_EUR_HAB,"Chain linked volumes (2020), euro per capita",B1GQ,Gross domestic product at market prices,SK,Slovakia,2023,,18750,,,,,
dataflow,ESTAT:SDG_08_10(1.0),Real GDP per capita,A,Annual,CLV20_EUR_HAB,"Chain linked volumes (2020), euro per capita",B1GQ,Gross domestic product at market prices,SK,Slovakia,2024,,19130,,,,,
dataflow,ESTAT:SDG_08_10(1.0),Real GDP per capita,A,Annual,CLV20_EUR_HAB,"Chain linked volumes (2020), euro per capita",B1GQ,Gross domestic product at market prices,TR,T端rkiye,2020,,7520,,,,,
dataflow,ESTAT:SDG_08_10(1.0),Real GDP per capita,A,Annual,CLV20_EUR_HAB,"Chain linked volumes (2020), euro per capita",B1GQ,Gross domestic product at market prices,TR,T端rkiye,2021,,8300,,,,,
dataflow,ESTAT:SDG_08_10(1.0),Real GDP per capita,A,Annual,CLV20_EUR_HAB,"Chain linked volumes (2020), euro per capita",B1GQ,Gross domestic product at market prices,TR,T端rkiye,2022,,8670,,,,,
dataflow,ESTAT:SDG_08_10(1.0),Real GDP per capita,A,Annual,CLV20_EUR_HAB,"Chain linked volumes (2020), euro per capita",B1GQ,Gross domestic product at market prices,TR,T端rkiye,2023,,9080,,,,,
dataflow,ESTAT:SDG_08_10(1.0),Real GDP per capita,A,Annual,CLV_PCH_PRE_HAB,"Chain linked volumes, percentage change on previous period, per capita",B1GQ,Gross domestic product at market prices,AL,Albania,2020,,-2.8,,,,,
dataflow,ESTAT:SDG_08_10(1.0),Real GDP per capita,A,Annual,CLV_PCH_PRE_HAB,"Chain linked volumes, percentage change on previous period, per capita",B1GQ,Gross domestic product at market prices,AL,Albania,2021,,10.0,,,,,
dataflow,ESTAT:SDG_08_10(1.0),Real GDP per capita,A,Annual,CLV_PCH_PRE_HAB,"Chain linked volumes, percentage change on previous period, per capita",B1GQ,Gross domestic product at market prices,AL,Albania,2022,,6.1,,,,,
dataflow,ESTAT:SDG_08_10(1.0),Real GDP per capita,A,Annual,CLV_PCH_PRE_HAB,"Chain linked volumes, percentage change on previous period, per capita",B1GQ,Gross domestic product at market prices,AT,Austria,2020,,-6.7,,,,,
dataflow,ESTAT:SDG_08_10(1.0),Real GDP per capita,A,Annual,CLV_PCH_PRE_HAB,"Chain linked volumes, percentage change on previous period, per capita",B1GQ,Gross domestic product at market prices,AT,Austria,2021,,4.4,,,,,
dataflow,ESTAT:SDG_08_10(1.0),Real GDP per capita,A,Annual,CLV_PCH_PRE_HAB,"Chain linked volumes, percentage change on previous period, per capita",B1GQ,Gross domestic product at market prices,AT,Austria,2022,,4.1,,,,,
dataflow,ESTAT:SDG_08_10(1.0),Real GDP per capita,A,Annual,CLV_PCH_PRE_HAB,"Chain linked volumes, percentage change on previous period, per capita",B1GQ,Gross domestic product at market prices,AT,Austria,2023,,-1.8,,,,,
dataflow,ESTAT:SDG_08_10(1.0),Real GDP per capita,A,Annual,CLV_PCH_PRE_HAB,"Chain linked volumes, percentage change on previous period, per capita",B1GQ,Gross domestic product at market prices,AT,Austria,2024,,-1.5,,,,,
dataflow,ESTAT:SDG_08_10(1.0),Real GDP per capita,A,Annual,CLV_PCH_PRE_HAB,"Chain linked volumes, percentage change on previous period, per capita",B1GQ,Gross domestic product at market prices,BE,Belgium,2020,,-5.2,,,,,
dataflow,ESTAT:SDG_08_10(1.0),Real GDP per capita,A,Annual,CLV_PCH_PRE_HAB,"Chain linked volumes, percentage change on previous period, per capita",B1GQ,Gross domestic product at market prices,BE,Belgium,2021,,5.8,,,,,
dataflow,ESTAT:SDG_08_10(1.0),Real GDP per capita,A,Annual,CLV_PCH_PRE_HAB,"Chain linked volumes, percentage change on previous period, per capita",B1GQ,Gross domestic product at market prices,BE,Belgium,2022,,3.4,,,,,
dataflow,ESTAT:SDG_08_10(1.0),Real GDP per capita,A,Annual,CLV_PCH_PRE_HAB,"Chain linked volumes, percentage change on previous period, per capita",B1GQ,Gross domestic product at market prices,BE,Belgium,2023,,0.3,,p,provisional,,
dataflow,ESTAT:SDG_08_10(1.0),Real GDP per capita,A,Annual,CLV_PCH_PRE_HAB,"Chain linked volumes, percentage change on previous period, per capita",B1GQ,Gross domestic product at market prices,BE,Belgium,2024,,0.4,,p,provisional,,
dataflow,ESTAT:SDG_08_10(1.0),Real GDP per capita,A,Annual,CLV_PCH_PRE_HAB,"Chain linked volumes, percentage change on previous period, per capita",B1GQ,Gross domestic product at market prices,BG,Bulgaria,2020,,-2.2,,,,,
dataflow,ESTAT:SDG_08_10(1.0),Real GDP per capita,A,Annual,CLV_PCH_PRE_HAB,"Chain linked volumes, percentage change on previous period, per capita",B1GQ,Gross domestic product at market prices,BG,Bulgaria,2021,,8.5,,,,,
dataflow,ESTAT:SDG_08_10(1.0),Real GDP per capita,A,Annual,CLV_PCH_PRE_HAB,"Chain linked volumes, percentage change on previous period, per capita",B1GQ,Gross domestic product at market prices,BG,Bulgaria,2022,,4.7,,,,,
dataflow,ESTAT:SDG_08_10(1.0),Real GDP per capita,A,Annual,CLV_PCH_PRE_HAB,"Chain linked volumes, percentage change on previous period, per capita",B1GQ,Gross domestic product at market prices,BG,Bulgaria,2023,,2.2,,,,,
dataflow,ESTAT:SDG_08_10(1.0),Real GDP per capita,A,Annual,CLV_PCH_PRE_HAB,"Chain linked volumes, percentage change on previous period, per capita",B1GQ,Gross domestic product at market prices,BG,Bulgaria,2024,,3.0,,p,provisional,,
dataflow,ESTAT:SDG_08_10(1.0),Real GDP per capita,A,Annual,CLV_PCH_PRE_HAB,"Chain linked volumes, percentage change on previous period, per capita",B1GQ,Gross domestic product at market prices,CH,Switzerland,2020,,-2.9,,,,,
dataflow,ESTAT:SDG_08_10(1.0),Real GDP per capita,A,Annual,CLV_PCH_PRE_HAB,"Chain linked volumes, percentage change on previous period, per capita",B1GQ,Gross domestic product at market prices,CH,Switzerland,2021,,4.8,,,,,
dataflow,ESTAT:SDG_08_10(1.0),Real GDP per capita,A,Annual,CLV_PCH_PRE_HAB,"Chain linked volumes, percentage change on previous period, per capita",B1GQ,Gross domestic product at market prices,CH,Switzerland,2022,,2.2,,,,,
dataflow,ESTAT:SDG_08_10(1.0),Real GDP per capita,A,Annual,CLV_PCH_PRE_HAB,"Chain linked volumes, percentage change on previous period, per capita",B1GQ,Gross domestic product at market prices,CH,Switzerland,2023,,-0.8,,,,,
dataflow,ESTAT:SDG_08_10(1.0),Real GDP per capita,A,Annual,CLV_PCH_PRE_HAB,"Chain linked volumes, percentage change on previous period, per capita",B1GQ,Gross domestic product at market prices,CH,Switzerland,2024,,0.2,,,,,
dataflow,ESTAT:SDG_08_10(1.0),Real GDP per capita,A,Annual,CLV_PCH_PRE_HAB,"Chain linked volumes, percentage change on previous period, per capita",B1GQ,Gross domestic product at market prices,CY,Cyprus,2020,,-4.5,,,,,
dataflow,ESTAT:SDG_08_10(1.0),Real GDP per capita,A,Annual,CLV_PCH_PRE_HAB,"Chain linked volumes, percentage change on previous period, per capita",B1GQ,Gross domestic product at market prices,CY,Cyprus,2021,,9.7,,,,,
dataflow,ESTAT:SDG_08_10(1.0),Real GDP per capita,A,Annual,CLV_PCH_PRE_HAB,"Chain linked volumes, percentage change on previous period, per capita",B1GQ,Gross domestic product at market prices,CY,Cyprus,2022,,5.2,,,,,
dataflow,ESTAT:SDG_08_10(1.0),Real GDP per capita,A,Annual,CLV_PCH_PRE_HAB,"Chain linked volumes, percentage change on previous period, per capita",B1GQ,Gross domestic product at market prices,CY,Cyprus,2023,,0.8,,p,provisional,,
dataflow,ESTAT:SDG_08_10(1.0),Real GDP per capita,A,Annual,CLV_PCH_PRE_HAB,"Chain linked volumes, percentage change on previous period, per capita",B1GQ,Gross domestic product at market prices,CY,Cyprus,2024,,1.8,,p,provisional,,
dataflow,ESTAT:SDG_08_10(1.0),Real GDP per capita,A,Annual,CLV_PCH_PRE_HAB,"Chain linked volumes, percentage change on previous period, per capita",B1GQ,Gross domestic product at market prices,CZ,Czechia,2020,,-4.9,,,,,
dataflow,ESTAT:SDG_08_10(1.0),Real GDP per capita,A,Annual,CLV_PCH_PRE_HAB,"Chain linked volumes, percentage change on previous period, per capita",B1GQ,Gross domestic product at market prices,CZ,Czechia,2021,,4.0,,,,,
dataflow,ESTAT:SDG_08_10(1.0),Real GDP per capita,A,Annual,CLV_PCH_PRE_HAB,"Chain linked volumes, percentage change on previous period, per capita",B1GQ,Gross domestic product at market prices,CZ,Czechia,2022,,0.4,,,,,
dataflow,ESTAT:SDG_08_10(1.0),Real GDP per capita,A,Annual,CLV_PCH_PRE_HAB,"Chain linked volumes, percentage change on previous period, per capita",B1GQ,Gross domestic product at market prices,CZ,Czechia,2023,,-1.1,,,,,
dataflow,ESTAT:SDG_08_10(1.0),Real GDP per capita,A,Annual,CLV_PCH_PRE_HAB,"Chain linked volumes, percentage change on previous period, per capita",B1GQ,Gross domestic product at market prices,CZ,Czechia,2024,,1.0,,,,,
dataflow,ESTAT:SDG_08_10(1.0),Real GDP per capita,A,Annual,CLV_PCH_PRE_HAB,"Chain linked volumes, percentage change on previous period, per capita",B1GQ,Gross domestic product at market prices,DE,Germany,2020,,-4.2,,,,,
dataflow,ESTAT:SDG_08_10(1.0),Real GDP per capita,A,Annual,CLV_PCH_PRE_HAB,"Chain linked volumes, percentage change on previous period, per capita",B1GQ,Gross domestic product at market prices,DE,Germany,2021,,3.6,,p,provisional,,
dataflow,ESTAT:SDG_08_10(1.0),Real GDP per capita,A,Annual,CLV_PCH_PRE_HAB,"Chain linked volumes, percentage change on previous period, per capita",B1GQ,Gross domestic product at market prices,DE,Germany,2022,,0.6,,p,provisional,,
dataflow,ESTAT:SDG_08_10(1.0),Real GDP per capita,A,Annual,CLV_PCH_PRE_HAB,"Chain linked volumes, percentage change on previous period, per capita",B1GQ,Gross domestic product at market prices,DE,Germany,2023,,-1.1,,p,provisional,,
dataflow,ESTAT:SDG_08_10(1.0),Real GDP per capita,A,Annual,CLV_PCH_PRE_HAB,"Chain linked volumes, percentage change on previous period, per capita",B1GQ,Gross domestic product at market prices,DE,Germany,2024,,-0.5,,p,provisional,,
dataflow,ESTAT:SDG_08_10(1.0),Real GDP per capita,A,Annual,CLV_PCH_PRE_HAB,"Chain linked volumes, percentage change on previous period, per capita",B1GQ,Gross domestic product at market prices,DK,Denmark,2020,,-2.0,,,,,
dataflow,ESTAT:SDG_08_10(1.0),Real GDP per capita,A,Annual,CLV_PCH_PRE_HAB,"Chain linked volumes, percentage change on previous period, per capita",B1GQ,Gross domestic product at market prices,DK,Denmark,2021,,6.1,,,,,
dataflow,ESTAT:SDG_08_10(1.0),Real GDP per capita,A,Annual,CLV_PCH_PRE_HAB,"Chain linked volumes, percentage change on previous period, per capita",B1GQ,Gross domestic product at market prices,DK,Denmark,2022,,-0.4,,,,,
dataflow,ESTAT:SDG_08_10(1.0),Real GDP per capita,A,Annual,CLV_PCH_PRE_HAB,"Chain linked volumes, percentage change on previous period, per capita",B1GQ,Gross domestic product at market prices,DK,Denmark,2023,,-0.1,,,,,
dataflow,ESTAT:SDG_08_10(1.0),Real GDP per capita,A,Annual,CLV_PCH_PRE_HAB,"Chain linked volumes, percentage change on previous period, per capita",B1GQ,Gross domestic product at market prices,DK,Denmark,2024,,3.0,,,,,
dataflow,ESTAT:SDG_08_10(1.0),Real GDP per capita,A,Annual,CLV_PCH_PRE_HAB,"Chain linked volumes, percentage change on previous period, per capita",B1GQ,Gross domestic product at market prices,EE,Estonia,2020,,-3.2,,,,,
dataflow,ESTAT:SDG_08_10(1.0),Real GDP per capita,A,Annual,CLV_PCH_PRE_HAB,"Chain linked volumes, percentage change on previous period, per capita",B1GQ,Gross domestic product at market prices,EE,Estonia,2021,,7.1,,,,,
dataflow,ESTAT:SDG_08_10(1.0),Real GDP per capita,A,Annual,CLV_PCH_PRE_HAB,"Chain linked volumes, percentage change on previous period, per capita",B1GQ,Gross domestic product at market prices,EE,Estonia,2022,,-0.1,,,,,
dataflow,ESTAT:SDG_08_10(1.0),Real GDP per capita,A,Annual,CLV_PCH_PRE_HAB,"Chain linked volumes, percentage change on previous period, per capita",B1GQ,Gross domestic product at market prices,EE,Estonia,2023,,-5.4,,,,,
dataflow,ESTAT:SDG_08_10(1.0),Real GDP per capita,A,Annual,CLV_PCH_PRE_HAB,"Chain linked volumes, percentage change on previous period, per capita",B1GQ,Gross domestic product at market prices,EE,Estonia,2024,,-0.9,,,,,
dataflow,ESTAT:SDG_08_10(1.0),Real GDP per capita,A,Annual,CLV_PCH_PRE_HAB,"Chain linked volumes, percentage change on previous period, per capita",B1GQ,Gross domestic product at market prices,EL,Greece,2020,,-9.0,,,,,
dataflow,ESTAT:SDG_08_10(1.0),Real GDP per capita,A,Annual,CLV_PCH_PRE_HAB,"Chain linked volumes, percentage change on previous period, per capita",B1GQ,Gross domestic product at market prices,EL,Greece,2021,,9.2,,,,,
dataflow,ESTAT:SDG_08_10(1.0),Real GDP per capita,A,Annual,CLV_PCH_PRE_HAB,"Chain linked volumes, percentage change on previous period, per capita",B1GQ,Gross domestic product at market prices,EL,Greece,2022,,6.4,,p,provisional,,
dataflow,ESTAT:SDG_08_10(1.0),Real GDP per capita,A,Annual,CLV_PCH_PRE_HAB,"Chain linked volumes, percentage change on previous period, per capita",B1GQ,Gross domestic product at market prices,EL,Greece,2023,,2.6,,p,provisional,,
dataflow,ESTAT:SDG_08_10(1.0),Real GDP per capita,A,Annual,CLV_PCH_PRE_HAB,"Chain linked volumes, percentage change on previous period, per capita",B1GQ,Gross domestic product at market prices,EL,Greece,2024,,2.4,,p,provisional,,
dataflow,ESTAT:SDG_08_10(1.0),Real GDP per capita,A,Annual,CLV_PCH_PRE_HAB,"Chain linked volumes, percentage change on previous period, per capita",B1GQ,Gross domestic product at market prices,ES,Spain,2020,,-11.4,,,,,
dataflow,ESTAT:SDG_08_10(1.0),Real GDP per capita,A,Annual,CLV_PCH_PRE_HAB,"Chain linked volumes, percentage change on previous period, per capita",B1GQ,Gross domestic product at market prices,ES,Spain,2021,,6.7,,,,,
dataflow,ESTAT:SDG_08_10(1.0),Real GDP per capita,A,Annual,CLV_PCH_PRE_HAB,"Chain linked volumes, percentage change on previous period, per capita",B1GQ,Gross domestic product at market prices,ES,Spain,2022,,5.2,,p,provisional,,
dataflow,ESTAT:SDG_08_10(1.0),Real GDP per capita,A,Annual,CLV_PCH_PRE_HAB,"Chain linked volumes, percentage change on previous period, per capita",B1GQ,Gross domestic product at market prices,ES,Spain,2023,,1.4,,p,provisional,,
dataflow,ESTAT:SDG_08_10(1.0),Real GDP per capita,A,Annual,CLV_PCH_PRE_HAB,"Chain linked volumes, percentage change on previous period, per capita",B1GQ,Gross domestic product at market prices,ES,Spain,2024,,2.2,,p,provisional,,
dataflow,ESTAT:SDG_08_10(1.0),Real GDP per capita,A,Annual,CLV_PCH_PRE_HAB,"Chain linked volumes, percentage change on previous period, per capita",B1GQ,Gross domestic product at market prices,EU27_2020,European Union - 27 countries (from 2020),2020,,-5.5,,b,break in time series,,
dataflow,ESTAT:SDG_08_10(1.0),Real GDP per capita,A,Annual,CLV_PCH_PRE_HAB,"Chain linked volumes, percentage change on previous period, per capita",B1GQ,Gross domestic product at market prices,EU27_2020,European Union - 27 countries (from 2020),2021,,6.3,,,,,
dataflow,ESTAT:SDG_08_10(1.0),Real GDP per capita,A,Annual,CLV_PCH_PRE_HAB,"Chain linked volumes, percentage change on previous period, per capita",B1GQ,Gross domestic product at market prices,EU27_2020,European Union - 27 countries (from 2020),2022,,2.8,,,,,
dataflow,ESTAT:SDG_08_10(1.0),Real GDP per capita,A,Annual,CLV_PCH_PRE_HAB,"Chain linked volumes, percentage change on previous period, per capita",B1GQ,Gross domestic product at market prices,EU27_2020,European Union - 27 countries (from 2020),2023,,0.0,,,,,
dataflow,ESTAT:SDG_08_10(1.0),Real GDP per capita,A,Annual,CLV_PCH_PRE_HAB,"Chain linked volumes, percentage change on previous period, per capita",B1GQ,Gross domestic product at market prices,EU27_2020,European Union - 27 countries (from 2020),2024,,0.8,,,,,
dataflow,ESTAT:SDG_08_10(1.0),Real GDP per capita,A,Annual,CLV_PCH_PRE_HAB,"Chain linked volumes, percentage change on previous period, per capita",B1GQ,Gross domestic product at market prices,FI,Finland,2020,,-2.7,,,,,
dataflow,ESTAT:SDG_08_10(1.0),Real GDP per capita,A,Annual,CLV_PCH_PRE_HAB,"Chain linked volumes, percentage change on previous period, per capita",B1GQ,Gross domestic product at market prices,FI,Finland,2021,,2.5,,,,,
dataflow,ESTAT:SDG_08_10(1.0),Real GDP per capita,A,Annual,CLV_PCH_PRE_HAB,"Chain linked volumes, percentage change on previous period, per capita",B1GQ,Gross domestic product at market prices,FI,Finland,2022,,0.5,,,,,
dataflow,ESTAT:SDG_08_10(1.0),Real GDP per capita,A,Annual,CLV_PCH_PRE_HAB,"Chain linked volumes, percentage change on previous period, per capita",B1GQ,Gross domestic product at market prices,FI,Finland,2023,,-1.3,,,,,
dataflow,ESTAT:SDG_08_10(1.0),Real GDP per capita,A,Annual,CLV_PCH_PRE_HAB,"Chain linked volumes, percentage change on previous period, per capita",B1GQ,Gross domestic product at market prices,FI,Finland,2024,,-0.9,,,,,
dataflow,ESTAT:SDG_08_10(1.0),Real GDP per capita,A,Annual,CLV_PCH_PRE_HAB,"Chain linked volumes, percentage change on previous period, per capita",B1GQ,Gross domestic product at market prices,FR,France,2020,,-7.8,,,,,
dataflow,ESTAT:SDG_08_10(1.0),Real GDP per capita,A,Annual,CLV_PCH_PRE_HAB,"Chain linked volumes, percentage change on previous period, per capita",B1GQ,Gross domestic product at market prices,FR,France,2021,,6.4,,,,,
dataflow,ESTAT:SDG_08_10(1.0),Real GDP per capita,A,Annual,CLV_PCH_PRE_HAB,"Chain linked volumes, percentage change on previous period, per capita",B1GQ,Gross domestic product at market prices,FR,France,2022,,2.3,,,,,
dataflow,ESTAT:SDG_08_10(1.0),Real GDP per capita,A,Annual,CLV_PCH_PRE_HAB,"Chain linked volumes, percentage change on previous period, per capita",B1GQ,Gross domestic product at market prices,FR,France,2023,,1.2,,p,provisional,,
dataflow,ESTAT:SDG_08_10(1.0),Real GDP per capita,A,Annual,CLV_PCH_PRE_HAB,"Chain linked volumes, percentage change on previous period, per capita",B1GQ,Gross domestic product at market prices,FR,France,2024,,0.9,,p,provisional,,
dataflow,ESTAT:SDG_08_10(1.0),Real GDP per capita,A,Annual,CLV_PCH_PRE_HAB,"Chain linked volumes, percentage change on previous period, per capita",B1GQ,Gross domestic product at market prices,HR,Croatia,2020,,-7.5,,,,,
dataflow,ESTAT:SDG_08_10(1.0),Real GDP per capita,A,Annual,CLV_PCH_PRE_HAB,"Chain linked volumes, percentage change on previous period, per capita",B1GQ,Gross domestic product at market prices,HR,Croatia,2021,,13.4,,,,,
dataflow,ESTAT:SDG_08_10(1.0),Real GDP per capita,A,Annual,CLV_PCH_PRE_HAB,"Chain linked volumes, percentage change on previous period, per capita",B1GQ,Gross domestic product at market prices,HR,Croatia,2022,,7.4,,,,,
dataflow,ESTAT:SDG_08_10(1.0),Real GDP per capita,A,Annual,CLV_PCH_PRE_HAB,"Chain linked volumes, percentage change on previous period, per capita",B1GQ,Gross domestic product at market prices,HR,Croatia,2023,,2.7,,p,provisional,,
dataflow,ESTAT:SDG_08_10(1.0),Real GDP per capita,A,Annual,CLV_PCH_PRE_HAB,"Chain linked volumes, percentage change on previous period, per capita",B1GQ,Gross domestic product at market prices,HR,Croatia,2024,,4.0,,p,provisional,,
dataflow,ESTAT:SDG_08_10(1.0),Real GDP per capita,A,Annual,CLV_PCH_PRE_HAB,"Chain linked volumes, percentage change on previous period, per capita",B1GQ,Gross domestic product at market prices,HU,Hungary,2020,,-4.1,,,,,
dataflow,ESTAT:SDG_08_10(1.0),Real GDP per capita,A,Annual,CLV_PCH_PRE_HAB,"Chain linked volumes, percentage change on previous period, per capita",B1GQ,Gross domestic product at market prices,HU,Hungary,2021,,7.7,,,,,
dataflow,ESTAT:SDG_08_10(1.0),Real GDP per capita,A,Annual,CLV_PCH_PRE_HAB,"Chain linked volumes, percentage change on previous period, per capita",B1GQ,Gross domestic product at market prices,HU,Hungary,2022,,4.6,,,,,
dataflow,ESTAT:SDG_08_10(1.0),Real GDP per capita,A,Annual,CLV_PCH_PRE_HAB,"Chain linked volumes, percentage change on previous period, per capita",B1GQ,Gross domestic product at market prices,HU,Hungary,2023,,-0.7,,,,,
dataflow,ESTAT:SDG_08_10(1.0),Real GDP per capita,A,Annual,CLV_PCH_PRE_HAB,"Chain linked volumes, percentage change on previous period, per capita",B1GQ,Gross domestic product at market prices,HU,Hungary,2024,,0.8,,p,provisional,,
dataflow,ESTAT:SDG_08_10(1.0),Real GDP per capita,A,Annual,CLV_PCH_PRE_HAB,"Chain linked volumes, percentage change on previous period, per capita",B1GQ,Gross domestic product at market prices,IE,Ireland,2020,,5.7,,,,,
dataflow,ESTAT:SDG_08_10(1.0),Real GDP per capita,A,Annual,CLV_PCH_PRE_HAB,"Chain linked volumes, percentage change on previous period, per capita",B1GQ,Gross domestic product at market prices,IE,Ireland,2021,,14.9,,,,,
dataflow,ESTAT:SDG_08_10(1.0),Real GDP per capita,A,Annual,CLV_PCH_PRE_HAB,"Chain linked volumes, percentage change on previous period, per capita",B1GQ,Gross domestic product at market prices,IE,Ireland,2022,,6.4,,,,,
dataflow,ESTAT:SDG_08_10(1.0),Real GDP per capita,A,Annual,CLV_PCH_PRE_HAB,"Chain linked volumes, percentage change on previous period, per capita",B1GQ,Gross domestic product at market prices,IE,Ireland,2023,,-7.2,,,,,
dataflow,ESTAT:SDG_08_10(1.0),Real GDP per capita,A,Annual,CLV_PCH_PRE_HAB,"Chain linked volumes, percentage change on previous period, per capita",B1GQ,Gross domestic product at market prices,IE,Ireland,2024,,-0.5,,,,,
dataflow,ESTAT:SDG_08_10(1.0),Real GDP per capita,A,Annual,CLV_PCH_PRE_HAB,"Chain linked volumes, percentage change on previous period, per capita",B1GQ,Gross domestic product at market prices,IS,Iceland,2020,,-8.1,,,,,
dataflow,ESTAT:SDG_08_10(1.0),Real GDP per capita,A,Annual,CLV_PCH_PRE_HAB,"Chain linked volumes, percentage change on previous period, per capita",B1GQ,Gross domestic product at market prices,IS,Iceland,2021,,3.5,,,,,
dataflow,ESTAT:SDG_08_10(1.0),Real GDP per capita,A,Annual,CLV_PCH_PRE_HAB,"Chain linked volumes, percentage change on previous period, per capita",B1GQ,Gross domestic product at market prices,IS,Iceland,2022,,6.5,,,,,
dataflow,ESTAT:SDG_08_10(1.0),Real GDP per capita,A,Annual,CLV_PCH_PRE_HAB,"Chain linked volumes, percentage change on previous period, per capita",B1GQ,Gross domestic product at market prices,IS,Iceland,2023,,3.0,,,,,
dataflow,ESTAT:SDG_08_10(1.0),Real GDP per capita,A,Annual,CLV_PCH_PRE_HAB,"Chain linked volumes, percentage change on previous period, per capita",B1GQ,Gross domestic product at market prices,IS,Iceland,2024,,-1.3,,e,estimated,,
dataflow,ESTAT:SDG_08_10(1.0),Real GDP per capita,A,Annual,CLV_PCH_PRE_HAB,"Chain linked volumes, percentage change on previous period, per capita",B1GQ,Gross domestic product at market prices,IT,Italy,2020,,-8.4,,,,,
dataflow,ESTAT:SDG_08_10(1.0),Real GDP per capita,A,Annual,CLV_PCH_PRE_HAB,"Chain linked volumes, percentage change on previous period, per capita",B1GQ,Gross domestic product at market prices,IT,Italy,2021,,9.5,,,,,
dataflow,ESTAT:SDG_08_10(1.0),Real GDP per capita,A,Annual,CLV_PCH_PRE_HAB,"Chain linked volumes, percentage change on previous period, per capita",B1GQ,Gross domestic product at market prices,IT,Italy,2022,,5.0,,,,,
dataflow,ESTAT:SDG_08_10(1.0),Real GDP per capita,A,Annual,CLV_PCH_PRE_HAB,"Chain linked volumes, percentage change on previous period, per capita",B1GQ,Gross domestic product at market prices,IT,Italy,2023,,0.8,,,,,
dataflow,ESTAT:SDG_08_10(1.0),Real GDP per capita,A,Annual,CLV_PCH_PRE_HAB,"Chain linked volumes, percentage change on previous period, per capita",B1GQ,Gross domestic product at market prices,IT,Italy,2024,,0.8,,e,estimated,,
dataflow,ESTAT:SDG_08_10(1.0),Real GDP per capita,A,Annual,CLV_PCH_PRE_HAB,"Chain linked volumes, percentage change on previous period, per capita",B1GQ,Gross domestic product at market prices,LT,Lithuania,2020,,0.1,,,,,
dataflow,ESTAT:SDG_08_10(1.0),Real GDP per capita,A,Annual,CLV_PCH_PRE_HAB,"Chain linked volumes, percentage change on previous period, per capita",B1GQ,Gross domestic product at market prices,LT,Lithuania,2021,,6.5,,,,,
dataflow,ESTAT:SDG_08_10(1.0),Real GDP per capita,A,Annual,CLV_PCH_PRE_HAB,"Chain linked volumes, percentage change on previous period, per capita",B1GQ,Gross domestic product at market prices,LT,Lithuania,2022,,1.7,,,,,
dataflow,ESTAT:SDG_08_10(1.0),Real GDP per capita,A,Annual,CLV_PCH_PRE_HAB,"Chain linked volumes, percentage change on previous period, per capita",B1GQ,Gross domestic product at market prices,LT,Lithuania,2023,,-1.1,,,,,
dataflow,ESTAT:SDG_08_10(1.0),Real GDP per capita,A,Annual,CLV_PCH_PRE_HAB,"Chain linked volumes, percentage change on previous period, per capita",B1GQ,Gross domestic product at market prices,LT,Lithuania,2024,,2.2,,,,,
dataflow,ESTAT:SDG_08_10(1.0),Real GDP per capita,A,Annual,CLV_PCH_PRE_HAB,"Chain linked volumes, percentage change on previous period, per capita",B1GQ,Gross domestic product at market prices,LU,Luxembourg,2020,,-2.0,,,,,
dataflow,ESTAT:SDG_08_10(1.0),Real GDP per capita,A,Annual,CLV_PCH_PRE_HAB,"Chain linked volumes, percentage change on previous period, per capita",B1GQ,Gross domestic product at market prices,LU,Luxembourg,2021,,5.3,,,,,
dataflow,ESTAT:SDG_08_10(1.0),Real GDP per capita,A,Annual,CLV_PCH_PRE_HAB,"Chain linked volumes, percentage change on previous period, per capita",B1GQ,Gross domestic product at market prices,LU,Luxembourg,2022,,-3.2,,,,,
dataflow,ESTAT:SDG_08_10(1.0),Real GDP per capita,A,Annual,CLV_PCH_PRE_HAB,"Chain linked volumes, percentage change on previous period, per capita",B1GQ,Gross domestic product at market prices,LU,Luxembourg,2023,,-2.5,,,,,
dataflow,ESTAT:SDG_08_10(1.0),Real GDP per capita,A,Annual,CLV_PCH_PRE_HAB,"Chain linked volumes, percentage change on previous period, per capita",B1GQ,Gross domestic product at market prices,LU,Luxembourg,2024,,-0.6,,p,provisional,,
dataflow,ESTAT:SDG_08_10(1.0),Real GDP per capita,A,Annual,CLV_PCH_PRE_HAB,"Chain linked volumes, percentage change on previous period, per capita",B1GQ,Gross domestic product at market prices,LV,Latvia,2020,,-2.8,,,,,
dataflow,ESTAT:SDG_08_10(1.0),Real GDP per capita,A,Annual,CLV_PCH_PRE_HAB,"Chain linked volumes, percentage change on previous period, per capita",B1GQ,Gross domestic product at market prices,LV,Latvia,2021,,7.9,,,,,
dataflow,ESTAT:SDG_08_10(1.0),Real GDP per capita,A,Annual,CLV_PCH_PRE_HAB,"Chain linked volumes, percentage change on previous period, per capita",B1GQ,Gross domestic product at market prices,LV,Latvia,2022,,1.7,,,,,
dataflow,ESTAT:SDG_08_10(1.0),Real GDP per capita,A,Annual,CLV_PCH_PRE_HAB,"Chain linked volumes, percentage change on previous period, per capita",B1GQ,Gross domestic product at market prices,LV,Latvia,2023,,3.1,,,,,
dataflow,ESTAT:SDG_08_10(1.0),Real GDP per capita,A,Annual,CLV_PCH_PRE_HAB,"Chain linked volumes, percentage change on previous period, per capita",B1GQ,Gross domestic product at market prices,LV,Latvia,2024,,0.7,,,,,
dataflow,ESTAT:SDG_08_10(1.0),Real GDP per capita,A,Annual,CLV_PCH_PRE_HAB,"Chain linked volumes, percentage change on previous period, per capita",B1GQ,Gross domestic product at market prices,ME,Montenegro,2020,,-15.2,,,,,
dataflow,ESTAT:SDG_08_10(1.0),Real GDP per capita,A,Annual,CLV_PCH_PRE_HAB,"Chain linked volumes, percentage change on previous period, per capita",B1GQ,Gross domestic product at market prices,ME,Montenegro,2021,,13.4,,,,,
dataflow,ESTAT:SDG_08_10(1.0),Real GDP per capita,A,Annual,CLV_PCH_PRE_HAB,"Chain linked volumes, percentage change on previous period, per capita",B1GQ,Gross domestic product at market prices,ME,Montenegro,2022,,6.8,,,,,
dataflow,ESTAT:SDG_08_10(1.0),Real GDP per capita,A,Annual,CLV_PCH_PRE_HAB,"Chain linked volumes, percentage change on previous period, per capita",B1GQ,Gross domestic product at market prices,ME,Montenegro,2023,,3.7,,p,provisional,,
dataflow,ESTAT:SDG_08_10(1.0),Real GDP per capita,A,Annual,CLV_PCH_PRE_HAB,"Chain linked volumes, percentage change on previous period, per capita",B1GQ,Gross domestic product at market prices,MK,North Macedonia,2020,,-3.8,,e,estimated,,
dataflow,ESTAT:SDG_08_10(1.0),Real GDP per capita,A,Annual,CLV_PCH_PRE_HAB,"Chain linked volumes, percentage change on previous period, per capita",B1GQ,Gross domestic product at market prices,MK,North Macedonia,2021,,5.8,,e,estimated,,
dataflow,ESTAT:SDG_08_10(1.0),Real GDP per capita,A,Annual,CLV_PCH_PRE_HAB,"Chain linked volumes, percentage change on previous period, per capita",B1GQ,Gross domestic product at market prices,MK,North Macedonia,2022,,3.1,,e,estimated,,
dataflow,ESTAT:SDG_08_10(1.0),Real GDP per capita,A,Annual,CLV_PCH_PRE_HAB,"Chain linked volumes, percentage change on previous period, per capita",B1GQ,Gross domestic product at market prices,MK,North Macedonia,2023,,2.3,,e,estimated,,
dataflow,ESTAT:SDG_08_10(1.0),Real GDP per capita,A,Annual,CLV_PCH_PRE_HAB,"Chain linked volumes, percentage change on previous period, per capita",B1GQ,Gross domestic product at market prices,MT,Malta,2020,,-5.4,,,,,
dataflow,ESTAT:SDG_08_10(1.0),Real GDP per capita,A,Annual,CLV_PCH_PRE_HAB,"Chain linked volumes, percentage change on previous period, per capita",B1GQ,Gross domestic product at market prices,MT,Malta,2021,,12.7,,,,,
dataflow,ESTAT:SDG_08_10(1.0),Real GDP per capita,A,Annual,CLV_PCH_PRE_HAB,"Chain linked volumes, percentage change on previous period, per capita",B1GQ,Gross domestic product at market prices,MT,Malta,2022,,1.6,,,,,
dataflow,ESTAT:SDG_08_10(1.0),Real GDP per capita,A,Annual,CLV_PCH_PRE_HAB,"Chain linked volumes, percentage change on previous period, per capita",B1GQ,Gross domestic product at market prices,MT,Malta,2023,,2.6,,,,,
dataflow,ESTAT:SDG_08_10(1.0),Real GDP per capita,A,Annual,CLV_PCH_PRE_HAB,"Chain linked volumes, percentage change on previous period, per capita",B1GQ,Gross domestic product at market prices,MT,Malta,2024,,2.6,,,,,
dataflow,ESTAT:SDG_08_10(1.0),Real GDP per capita,A,Annual,CLV_PCH_PRE_HAB,"Chain linked volumes, percentage change on previous period, per capita",B1GQ,Gross domestic product at market prices,NL,Netherlands,2020,,-4.4,,,,,
dataflow,ESTAT:SDG_08_10(1.0),Real GDP per capita,A,Annual,CLV_PCH_PRE_HAB,"Chain linked volumes, percentage change on previous period, per capita",B1GQ,Gross domestic product at market prices,NL,Netherlands,2021,,5.7,,,,,
dataflow,ESTAT:SDG_08_10(1.0),Real GDP per capita,A,Annual,CLV_PCH_PRE_HAB,"Chain linked volumes, percentage change on previous period, per capita",B1GQ,Gross domestic product at market prices,NL,Netherlands,2022,,4.0,,,,,
dataflow,ESTAT:SDG_08_10(1.0),Real GDP per capita,A,Annual,CLV_PCH_PRE_HAB,"Chain linked volumes, percentage change on previous period, per capita",B1GQ,Gross domestic product at market prices,NL,Netherlands,2023,,-1.6,,p,provisional,,
dataflow,ESTAT:SDG_08_10(1.0),Real GDP per capita,A,Annual,CLV_PCH_PRE_HAB,"Chain linked volumes, percentage change on previous period, per capita",B1GQ,Gross domestic product at market prices,NL,Netherlands,2024,,0.4,,p,provisional,,
dataflow,ESTAT:SDG_08_10(1.0),Real GDP per capita,A,Annual,CLV_PCH_PRE_HAB,"Chain linked volumes, percentage change on previous period, per capita",B1GQ,Gross domestic product at market prices,NO,Norway,2020,,-1.8,,,,,
dataflow,ESTAT:SDG_08_10(1.0),Real GDP per capita,A,Annual,CLV_PCH_PRE_HAB,"Chain linked volumes, percentage change on previous period, per capita",B1GQ,Gross domestic product at market prices,NO,Norway,2021,,3.4,,,,,
dataflow,ESTAT:SDG_08_10(1.0),Real GDP per capita,A,Annual,CLV_PCH_PRE_HAB,"Chain linked volumes, percentage change on previous period, per capita",B1GQ,Gross domestic product at market prices,NO,Norway,2022,,2.3,,,,,
dataflow,ESTAT:SDG_08_10(1.0),Real GDP per capita,A,Annual,CLV_PCH_PRE_HAB,"Chain linked volumes, percentage change on previous period, per capita",B1GQ,Gross domestic product at market prices,NO,Norway,2023,,-1.1,,,,,
dataflow,ESTAT:SDG_08_10(1.0),Real GDP per capita,A,Annual,CLV_PCH_PRE_HAB,"Chain linked volumes, percentage change on previous period, per capita",B1GQ,Gross domestic product at market prices,NO,Norway,2024,,1.1,,,,,
dataflow,ESTAT:SDG_08_10(1.0),Real GDP per capita,A,Annual,CLV_PCH_PRE_HAB,"Chain linked volumes, percentage change on previous period, per capita",B1GQ,Gross domestic product at market prices,PL,Poland,2020,,0.0,,b,break in time series,,
dataflow,ESTAT:SDG_08_10(1.0),Real GDP per capita,A,Annual,CLV_PCH_PRE_HAB,"Chain linked volumes, percentage change on previous period, per capita",B1GQ,Gross domestic product at market prices,PL,Poland,2021,,7.5,,,,,
dataflow,ESTAT:SDG_08_10(1.0),Real GDP per capita,A,Annual,CLV_PCH_PRE_HAB,"Chain linked volumes, percentage change on previous period, per capita",B1GQ,Gross domestic product at market prices,PL,Poland,2022,,3.0,,b,break in time series,,
dataflow,ESTAT:SDG_08_10(1.0),Real GDP per capita,A,Annual,CLV_PCH_PRE_HAB,"Chain linked volumes, percentage change on previous period, per capita",B1GQ,Gross domestic product at market prices,PL,Poland,2023,,0.6,,,,,
dataflow,ESTAT:SDG_08_10(1.0),Real GDP per capita,A,Annual,CLV_PCH_PRE_HAB,"Chain linked volumes, percentage change on previous period, per capita",B1GQ,Gross domestic product at market prices,PL,Poland,2024,,3.3,,p,provisional,,
dataflow,ESTAT:SDG_08_10(1.0),Real GDP per capita,A,Annual,CLV_PCH_PRE_HAB,"Chain linked volumes, percentage change on previous period, per capita",B1GQ,Gross domestic product at market prices,PT,Portugal,2020,,-8.5,,,,,
dataflow,ESTAT:SDG_08_10(1.0),Real GDP per capita,A,Annual,CLV_PCH_PRE_HAB,"Chain linked volumes, percentage change on previous period, per capita",B1GQ,Gross domestic product at market prices,PT,Portugal,2021,,5.3,,,,,
dataflow,ESTAT:SDG_08_10(1.0),Real GDP per capita,A,Annual,CLV_PCH_PRE_HAB,"Chain linked volumes, percentage change on previous period, per capita",B1GQ,Gross domestic product at market prices,PT,Portugal,2022,,6.4,,,,,
dataflow,ESTAT:SDG_08_10(1.0),Real GDP per capita,A,Annual,CLV_PCH_PRE_HAB,"Chain linked volumes, percentage change on previous period, per capita",B1GQ,Gross domestic product at market prices,PT,Portugal,2023,,1.6,,p,provisional,,
dataflow,ESTAT:SDG_08_10(1.0),Real GDP per capita,A,Annual,CLV_PCH_PRE_HAB,"Chain linked volumes, percentage change on previous period, per capita",B1GQ,Gross domestic product at market prices,PT,Portugal,2024,,0.9,,p,provisional,,
dataflow,ESTAT:SDG_08_10(1.0),Real GDP per capita,A,Annual,CLV_PCH_PRE_HAB,"Chain linked volumes, percentage change on previous period, per capita",B1GQ,Gross domestic product at market prices,RO,Romania,2020,,-3.2,,,,,
dataflow,ESTAT:SDG_08_10(1.0),Real GDP per capita,A,Annual,CLV_PCH_PRE_HAB,"Chain linked volumes, percentage change on previous period, per capita",B1GQ,Gross domestic product at market prices,RO,Romania,2021,,6.4,,,,,
dataflow,ESTAT:SDG_08_10(1.0),Real GDP per capita,A,Annual,CLV_PCH_PRE_HAB,"Chain linked volumes, percentage change on previous period, per capita",B1GQ,Gross domestic product at market prices,RO,Romania,2022,,4.4,,,,,
dataflow,ESTAT:SDG_08_10(1.0),Real GDP per capita,A,Annual,CLV_PCH_PRE_HAB,"Chain linked volumes, percentage change on previous period, per capita",B1GQ,Gross domestic product at market prices,RO,Romania,2023,,2.3,,p,provisional,,
dataflow,ESTAT:SDG_08_10(1.0),Real GDP per capita,A,Annual,CLV_PCH_PRE_HAB,"Chain linked volumes, percentage change on previous period, per capita",B1GQ,Gross domestic product at market prices,RO,Romania,2024,,0.8,,p,provisional,,
dataflow,ESTAT:SDG_08_10(1.0),Real GDP per capita,A,Annual,CLV_PCH_PRE_HAB,"Chain linked volumes, percentage change on previous period, per capita",B1GQ,Gross domestic product at market prices,RS,Serbia,2020,,-0.3,,,,,
dataflow,ESTAT:SDG_08_10(1.0),Real GDP per capita,A,Annual,CLV_PCH_PRE_HAB,"Chain linked volumes, percentage change on previous period, per capita",B1GQ,Gross domestic product at market prices,RS,Serbia,2021,,9.0,,,,,
dataflow,ESTAT:SDG_08_10(1.0),Real GDP per capita,A,Annual,CLV_PCH_PRE_HAB,"Chain linked volumes, percentage change on previous period, per capita",B1GQ,Gross domestic product at market prices,RS,Serbia,2022,,5.2,,p,provisional,,
dataflow,ESTAT:SDG_08_10(1.0),Real GDP per capita,A,Annual,CLV_PCH_PRE_HAB,"Chain linked volumes, percentage change on previous period, per capita",B1GQ,Gross domestic product at market prices,RS,Serbia,2023,,4.5,,p,provisional,,
dataflow,ESTAT:SDG_08_10(1.0),Real GDP per capita,A,Annual,CLV_PCH_PRE_HAB,"Chain linked volumes, percentage change on previous period, per capita",B1GQ,Gross domestic product at market prices,RS,Serbia,2024,,4.5,,p,provisional,,
dataflow,ESTAT:SDG_08_10(1.0),Real GDP per capita,A,Annual,CLV_PCH_PRE_HAB,"Chain linked volumes, percentage change on previous period, per capita",B1GQ,Gross domestic product at market prices,SE,Sweden,2020,,-2.6,,,,,
dataflow,ESTAT:SDG_08_10(1.0),Real GDP per capita,A,Annual,CLV_PCH_PRE_HAB,"Chain linked volumes, percentage change on previous period, per capita",B1GQ,Gross domestic product at market prices,SE,Sweden,2021,,4.6,,,,,
dataflow,ESTAT:SDG_08_10(1.0),Real GDP per capita,A,Annual,CLV_PCH_PRE_HAB,"Chain linked volumes, percentage change on previous period, per capita",B1GQ,Gross domestic product at market prices,SE,Sweden,2022,,0.2,,,,,
dataflow,ESTAT:SDG_08_10(1.0),Real GDP per capita,A,Annual,CLV_PCH_PRE_HAB,"Chain linked volumes, percentage change on previous period, per capita",B1GQ,Gross domestic product at market prices,SE,Sweden,2023,,-0.9,,,,,
dataflow,ESTAT:SDG_08_10(1.0),Real GDP per capita,A,Annual,CLV_PCH_PRE_HAB,"Chain linked volumes, percentage change on previous period, per capita",B1GQ,Gross domestic product at market prices,SE,Sweden,2024,,0.7,,,,,
dataflow,ESTAT:SDG_08_10(1.0),Real GDP per capita,A,Annual,CLV_PCH_PRE_HAB,"Chain linked volumes, percentage change on previous period, per capita",B1GQ,Gross domestic product at market prices,SI,Slovenia,2020,,-4.7,,,,,
dataflow,ESTAT:SDG_08_10(1.0),Real GDP per capita,A,Annual,CLV_PCH_PRE_HAB,"Chain linked volumes, percentage change on previous period, per capita",B1GQ,Gross domestic product at market prices,SI,Slovenia,2021,,8.1,,,,,
dataflow,ESTAT:SDG_08_10(1.0),Real GDP per capita,A,Annual,CLV_PCH_PRE_HAB,"Chain linked volumes, percentage change on previous period, per capita",B1GQ,Gross domestic product at market prices,SI,Slovenia,2022,,2.6,,,,,
dataflow,ESTAT:SDG_08_10(1.0),Real GDP per capita,A,Annual,CLV_PCH_PRE_HAB,"Chain linked volumes, percentage change on previous period, per capita",B1GQ,Gross domestic product at market prices,SI,Slovenia,2023,,1.6,,,,,
dataflow,ESTAT:SDG_08_10(1.0),Real GDP per capita,A,Annual,CLV_PCH_PRE_HAB,"Chain linked volumes, percentage change on previous period, per capita",B1GQ,Gross domestic product at market prices,SI,Slovenia,2024,,1.3,,,,,
dataflow,ESTAT:SDG_08_10(1.0),Real GDP per capita,A,Annual,CLV_PCH_PRE_HAB,"Chain linked volumes, percentage change on previous period, per capita",B1GQ,Gross domestic product at market prices,SK,Slovakia,2020,,-2.7,,,,,
dataflow,ESTAT:SDG_08_10(1.0),Real GDP per capita,A,Annual,CLV_PCH_PRE_HAB,"Chain linked volumes, percentage change on previous period, per capita",B1GQ,Gross domestic product at market prices,SK,Slovakia,2021,,6.1,,b,break in time series,,
dataflow,ESTAT:SDG_08_10(1.0),Real GDP per capita,A,Annual,CLV_PCH_PRE_HAB,"Chain linked volumes, percentage change on previous period, per capita",B1GQ,Gross domestic product at market prices,SK,Slovakia,2022,,0.1,,,,,
dataflow,ESTAT:SDG_08_10(1.0),Real GDP per capita,A,Annual,CLV_PCH_PRE_HAB,"Chain linked volumes, percentage change on previous period, per capita",B1GQ,Gross domestic product at market prices,SK,Slovakia,2023,,2.2,,,,,
dataflow,ESTAT:SDG_08_10(1.0),Real GDP per capita,A,Annual,CLV_PCH_PRE_HAB,"Chain linked volumes, percentage change on previous period, per capita",B1GQ,Gross domestic product at market prices,SK,Slovakia,2024,,2.0,,,,,
dataflow,ESTAT:SDG_08_10(1.0),Real GDP per capita,A,Annual,CLV_PCH_PRE_HAB,"Chain linked volumes, percentage change on previous period, per capita",B1GQ,Gross domestic product at market prices,TR,T端rkiye,2020,,0.9,,,,,
dataflow,ESTAT:SDG_08_10(1.0),Real GDP per capita,A,Annual,CLV_PCH_PRE_HAB,"Chain linked volumes, percentage change on previous period, per capita",B1GQ,Gross domestic product at market prices,TR,T端rkiye,2021,,10.4,,,,,
dataflow,ESTAT:SDG_08_10(1.0),Real GDP per capita,A,Annual,CLV_PCH_PRE_HAB,"Chain linked volumes, percentage change on previous period, per capita",B1GQ,Gross domestic product at market prices,TR,T端rkiye,2022,,4.5,,,,,
dataflow,ESTAT:SDG_08_10(1.0),Real GDP per capita,A,Annual,CLV_PCH_PRE_HAB,"Chain linked volumes, percentage change on previous period, per capita",B1GQ,Gross domestic product at market prices,TR,T端rkiye,2023,,4.7,,,,,
