STRUCTURE,STRUCTURE_ID,STRUCTURE_NAME,freq,Time frequency,age,Age class,unit,Unit of measure,sex,Sex,geo,Geopolitical entity (reporting),TIME_PERIOD,Time,OBS_VALUE,Observation value,OBS_FLAG,Observation status (Flag) V2 structure,CONF_STATUS,Confidentiality status (flag)
dataflow,ESTAT:TPS00203(1.0),Total unemployment rate,A,Annual,Y15-74,From 15 to 74 years,PC_ACT,Percentage of population in the labour force,T,Total,AT,Austria,2020,,6.0,,,,,
dataflow,ESTAT:TPS00203(1.0),Total unemployment rate,A,Annual,Y15-74,From 15 to 74 years,PC_ACT,Percentage of population in the labour force,T,Total,AT,Austria,2021,,6.2,,,,,
dataflow,ESTAT:TPS00203(1.0),Total unemployment rate,A,Annual,Y15-74,From 15 to 74 years,PC_ACT,Percentage of population in the labour force,T,Total,AT,Austria,2022,,4.8,,,,,
dataflow,ESTAT:TPS00203(1.0),Total unemployment rate,A,Annual,Y15-74,From 15 to 74 years,PC_ACT,Percentage of population in the labour force,T,Total,AT,Austria,2023,,5.1,,,,,
dataflow,ESTAT:TPS00203(1.0),Total unemployment rate,A,Annual,Y15-74,From 15 to 74 years,PC_ACT,Percentage of population in the labour force,T,Total,AT,Austria,2024,,5.2,,,,,
dataflow,ESTAT:TPS00203(1.0),Total unemployment rate,A,Annual,Y15-74,From 15 to 74 years,PC_ACT,Percentage of population in the labour force,T,Total,BA,Bosnia and Herzegovina,2021,,17.4,,,,,
dataflow,ESTAT:TPS00203(1.0),Total unemployment rate,A,Annual,Y15-74,From 15 to 74 years,PC_ACT,Percentage of population in the labour force,T,Total,BA,Bosnia and Herzegovina,2022,,15.4,,,,,
dataflow,ESTAT:TPS00203(1.0),Total unemployment rate,A,Annual,Y15-74,From 15 to 74 years,PC_ACT,Percentage of population in the labour force,T,Total,BA,Bosnia and Herzegovina,2023,,13.2,,,,,
dataflow,ESTAT:TPS00203(1.0),Total unemployment rate,A,Annual,Y15-74,From 15 to 74 years,PC_ACT,Percentage of population in the labour force,T,Total,BA,Bosnia and Herzegovina,2024,,12.6,,,,,
dataflow,ESTAT:TPS00203(1.0),Total unemployment rate,A,Annual,Y15-74,From 15 to 74 years,PC_ACT,Percentage of population in the labour force,T,Total,BE,Belgium,2020,,5.8,,,,,
dataflow,ESTAT:TPS00203(1.0),Total unemployment rate,A,Annual,Y15-74,From 15 to 74 years,PC_ACT,Percentage of population in the labour force,T,Total,BE,Belgium,2021,,6.3,,,,,
dataflow,ESTAT:TPS00203(1.0),Total unemployment rate,A,Annual,Y15-74,From 15 to 74 years,PC_ACT,Percentage of population in the labour force,T,Total,BE,Belgium,2022,,5.6,,,,,
dataflow,ESTAT:TPS00203(1.0),Total unemployment rate,A,Annual,Y15-74,From 15 to 74 years,PC_ACT,Percentage of population in the labour force,T,Total,BE,Belgium,2023,,5.5,,,,,
dataflow,ESTAT:TPS00203(1.0),Total unemployment rate,A,Annual,Y15-74,From 15 to 74 years,PC_ACT,Percentage of population in the labour force,T,Total,BE,Belgium,2024,,5.7,,,,,
dataflow,ESTAT:TPS00203(1.0),Total unemployment rate,A,Annual,Y15-74,From 15 to 74 years,PC_ACT,Percentage of population in the labour force,T,Total,BG,Bulgaria,2020,,6.1,,,,,
dataflow,ESTAT:TPS00203(1.0),Total unemployment rate,A,Annual,Y15-74,From 15 to 74 years,PC_ACT,Percentage of population in the labour force,T,Total,BG,Bulgaria,2021,,5.2,,,,,
dataflow,ESTAT:TPS00203(1.0),Total unemployment rate,A,Annual,Y15-74,From 15 to 74 years,PC_ACT,Percentage of population in the labour force,T,Total,BG,Bulgaria,2022,,4.2,,,,,
dataflow,ESTAT:TPS00203(1.0),Total unemployment rate,A,Annual,Y15-74,From 15 to 74 years,PC_ACT,Percentage of population in the labour force,T,Total,BG,Bulgaria,2023,,4.3,,,,,
dataflow,ESTAT:TPS00203(1.0),Total unemployment rate,A,Annual,Y15-74,From 15 to 74 years,PC_ACT,Percentage of population in the labour force,T,Total,BG,Bulgaria,2024,,4.2,,b,break in time series,,
dataflow,ESTAT:TPS00203(1.0),Total unemployment rate,A,Annual,Y15-74,From 15 to 74 years,PC_ACT,Percentage of population in the labour force,T,Total,CH,Switzerland,2020,,4.8,,,,,
dataflow,ESTAT:TPS00203(1.0),Total unemployment rate,A,Annual,Y15-74,From 15 to 74 years,PC_ACT,Percentage of population in the labour force,T,Total,CH,Switzerland,2021,,5.1,,,,,
dataflow,ESTAT:TPS00203(1.0),Total unemployment rate,A,Annual,Y15-74,From 15 to 74 years,PC_ACT,Percentage of population in the labour force,T,Total,CH,Switzerland,2022,,4.1,,,,,
dataflow,ESTAT:TPS00203(1.0),Total unemployment rate,A,Annual,Y15-74,From 15 to 74 years,PC_ACT,Percentage of population in the labour force,T,Total,CH,Switzerland,2023,,4.1,,,,,
dataflow,ESTAT:TPS00203(1.0),Total unemployment rate,A,Annual,Y15-74,From 15 to 74 years,PC_ACT,Percentage of population in the labour force,T,Total,CH,Switzerland,2024,,4.4,,,,,
dataflow,ESTAT:TPS00203(1.0),Total unemployment rate,A,Annual,Y15-74,From 15 to 74 years,PC_ACT,Percentage of population in the labour force,T,Total,CY,Cyprus,2020,,7.6,,,,,
dataflow,ESTAT:TPS00203(1.0),Total unemployment rate,A,Annual,Y15-74,From 15 to 74 years,PC_ACT,Percentage of population in the labour force,T,Total,CY,Cyprus,2021,,7.2,,,,,
dataflow,ESTAT:TPS00203(1.0),Total unemployment rate,A,Annual,Y15-74,From 15 to 74 years,PC_ACT,Percentage of population in the labour force,T,Total,CY,Cyprus,2022,,6.3,,,,,
dataflow,ESTAT:TPS00203(1.0),Total unemployment rate,A,Annual,Y15-74,From 15 to 74 years,PC_ACT,Percentage of population in the labour force,T,Total,CY,Cyprus,2023,,5.8,,,,,
dataflow,ESTAT:TPS00203(1.0),Total unemployment rate,A,Annual,Y15-74,From 15 to 74 years,PC_ACT,Percentage of population in the labour force,T,Total,CY,Cyprus,2024,,4.9,,,,,
dataflow,ESTAT:TPS00203(1.0),Total unemployment rate,A,Annual,Y15-74,From 15 to 74 years,PC_ACT,Percentage of population in the labour force,T,Total,CZ,Czechia,2020,,2.6,,,,,
dataflow,ESTAT:TPS00203(1.0),Total unemployment rate,A,Annual,Y15-74,From 15 to 74 years,PC_ACT,Percentage of population in the labour force,T,Total,CZ,Czechia,2021,,2.8,,,,,
dataflow,ESTAT:TPS00203(1.0),Total unemployment rate,A,Annual,Y15-74,From 15 to 74 years,PC_ACT,Percentage of population in the labour force,T,Total,CZ,Czechia,2022,,2.2,,,,,
dataflow,ESTAT:TPS00203(1.0),Total unemployment rate,A,Annual,Y15-74,From 15 to 74 years,PC_ACT,Percentage of population in the labour force,T,Total,CZ,Czechia,2023,,2.6,,,,,
dataflow,ESTAT:TPS00203(1.0),Total unemployment rate,A,Annual,Y15-74,From 15 to 74 years,PC_ACT,Percentage of population in the labour force,T,Total,CZ,Czechia,2024,,2.6,,,,,
dataflow,ESTAT:TPS00203(1.0),Total unemployment rate,A,Annual,Y15-74,From 15 to 74 years,PC_ACT,Percentage of population in the labour force,T,Total,DE,Germany,2020,,3.6,,b,break in time series,,
dataflow,ESTAT:TPS00203(1.0),Total unemployment rate,A,Annual,Y15-74,From 15 to 74 years,PC_ACT,Percentage of population in the labour force,T,Total,DE,Germany,2021,,3.6,,,,,
dataflow,ESTAT:TPS00203(1.0),Total unemployment rate,A,Annual,Y15-74,From 15 to 74 years,PC_ACT,Percentage of population in the labour force,T,Total,DE,Germany,2022,,3.1,,,,,
dataflow,ESTAT:TPS00203(1.0),Total unemployment rate,A,Annual,Y15-74,From 15 to 74 years,PC_ACT,Percentage of population in the labour force,T,Total,DE,Germany,2023,,3.1,,,,,
dataflow,ESTAT:TPS00203(1.0),Total unemployment rate,A,Annual,Y15-74,From 15 to 74 years,PC_ACT,Percentage of population in the labour force,T,Total,DE,Germany,2024,,3.4,,,,,
dataflow,ESTAT:TPS00203(1.0),Total unemployment rate,A,Annual,Y15-74,From 15 to 74 years,PC_ACT,Percentage of population in the labour force,T,Total,DK,Denmark,2020,,5.6,,,,,
dataflow,ESTAT:TPS00203(1.0),Total unemployment rate,A,Annual,Y15-74,From 15 to 74 years,PC_ACT,Percentage of population in the labour force,T,Total,DK,Denmark,2021,,5.1,,,,,
dataflow,ESTAT:TPS00203(1.0),Total unemployment rate,A,Annual,Y15-74,From 15 to 74 years,PC_ACT,Percentage of population in the labour force,T,Total,DK,Denmark,2022,,4.5,,,,,
dataflow,ESTAT:TPS00203(1.0),Total unemployment rate,A,Annual,Y15-74,From 15 to 74 years,PC_ACT,Percentage of population in the labour force,T,Total,DK,Denmark,2023,,5.1,,b,break in time series,,
dataflow,ESTAT:TPS00203(1.0),Total unemployment rate,A,Annual,Y15-74,From 15 to 74 years,PC_ACT,Percentage of population in the labour force,T,Total,DK,Denmark,2024,,6.2,,,,,
dataflow,ESTAT:TPS00203(1.0),Total unemployment rate,A,Annual,Y15-74,From 15 to 74 years,PC_ACT,Percentage of population in the labour force,T,Total,EE,Estonia,2020,,6.9,,,,,
dataflow,ESTAT:TPS00203(1.0),Total unemployment rate,A,Annual,Y15-74,From 15 to 74 years,PC_ACT,Percentage of population in the labour force,T,Total,EE,Estonia,2021,,6.2,,,,,
dataflow,ESTAT:TPS00203(1.0),Total unemployment rate,A,Annual,Y15-74,From 15 to 74 years,PC_ACT,Percentage of population in the labour force,T,Total,EE,Estonia,2022,,5.6,,,,,
dataflow,ESTAT:TPS00203(1.0),Total unemployment rate,A,Annual,Y15-74,From 15 to 74 years,PC_ACT,Percentage of population in the labour force,T,Total,EE,Estonia,2023,,6.4,,,,,
dataflow,ESTAT:TPS00203(1.0),Total unemployment rate,A,Annual,Y15-74,From 15 to 74 years,PC_ACT,Percentage of population in the labour force,T,Total,EE,Estonia,2024,,7.6,,,,,
dataflow,ESTAT:TPS00203(1.0),Total unemployment rate,A,Annual,Y15-74,From 15 to 74 years,PC_ACT,Percentage of population in the labour force,T,Total,EL,Greece,2020,,17.6,,,,,
dataflow,ESTAT:TPS00203(1.0),Total unemployment rate,A,Annual,Y15-74,From 15 to 74 years,PC_ACT,Percentage of population in the labour force,T,Total,EL,Greece,2021,,14.7,,,,,
dataflow,ESTAT:TPS00203(1.0),Total unemployment rate,A,Annual,Y15-74,From 15 to 74 years,PC_ACT,Percentage of population in the labour force,T,Total,EL,Greece,2022,,12.5,,,,,
dataflow,ESTAT:TPS00203(1.0),Total unemployment rate,A,Annual,Y15-74,From 15 to 74 years,PC_ACT,Percentage of population in the labour force,T,Total,EL,Greece,2023,,11.1,,,,,
dataflow,ESTAT:TPS00203(1.0),Total unemployment rate,A,Annual,Y15-74,From 15 to 74 years,PC_ACT,Percentage of population in the labour force,T,Total,EL,Greece,2024,,10.1,,,,,
dataflow,ESTAT:TPS00203(1.0),Total unemployment rate,A,Annual,Y15-74,From 15 to 74 years,PC_ACT,Percentage of population in the labour force,T,Total,ES,Spain,2020,,15.5,,,,,
dataflow,ESTAT:TPS00203(1.0),Total unemployment rate,A,Annual,Y15-74,From 15 to 74 years,PC_ACT,Percentage of population in the labour force,T,Total,ES,Spain,2021,,14.9,,d,definition differs (see metadata),,
dataflow,ESTAT:TPS00203(1.0),Total unemployment rate,A,Annual,Y15-74,From 15 to 74 years,PC_ACT,Percentage of population in the labour force,T,Total,ES,Spain,2022,,13.0,,d,definition differs (see metadata),,
dataflow,ESTAT:TPS00203(1.0),Total unemployment rate,A,Annual,Y15-74,From 15 to 74 years,PC_ACT,Percentage of population in the labour force,T,Total,ES,Spain,2023,,12.2,,d,definition differs (see metadata),,
dataflow,ESTAT:TPS00203(1.0),Total unemployment rate,A,Annual,Y15-74,From 15 to 74 years,PC_ACT,Percentage of population in the labour force,T,Total,ES,Spain,2024,,11.4,,d,definition differs (see metadata),,
dataflow,ESTAT:TPS00203(1.0),Total unemployment rate,A,Annual,Y15-74,From 15 to 74 years,PC_ACT,Percentage of population in the labour force,T,Total,EU27_2020,European Union - 27 countries (from 2020),2020,,7.2,,,,,
dataflow,ESTAT:TPS00203(1.0),Total unemployment rate,A,Annual,Y15-74,From 15 to 74 years,PC_ACT,Percentage of population in the labour force,T,Total,EU27_2020,European Union - 27 countries (from 2020),2021,,7.1,,,,,
dataflow,ESTAT:TPS00203(1.0),Total unemployment rate,A,Annual,Y15-74,From 15 to 74 years,PC_ACT,Percentage of population in the labour force,T,Total,EU27_2020,European Union - 27 countries (from 2020),2022,,6.2,,,,,
dataflow,ESTAT:TPS00203(1.0),Total unemployment rate,A,Annual,Y15-74,From 15 to 74 years,PC_ACT,Percentage of population in the labour force,T,Total,EU27_2020,European Union - 27 countries (from 2020),2023,,6.1,,,,,
dataflow,ESTAT:TPS00203(1.0),Total unemployment rate,A,Annual,Y15-74,From 15 to 74 years,PC_ACT,Percentage of population in the labour force,T,Total,EU27_2020,European Union - 27 countries (from 2020),2024,,5.9,,,,,
dataflow,ESTAT:TPS00203(1.0),Total unemployment rate,A,Annual,Y15-74,From 15 to 74 years,PC_ACT,Percentage of population in the labour force,T,Total,FI,Finland,2020,,7.7,,,,,
dataflow,ESTAT:TPS00203(1.0),Total unemployment rate,A,Annual,Y15-74,From 15 to 74 years,PC_ACT,Percentage of population in the labour force,T,Total,FI,Finland,2021,,7.7,,,,,
dataflow,ESTAT:TPS00203(1.0),Total unemployment rate,A,Annual,Y15-74,From 15 to 74 years,PC_ACT,Percentage of population in the labour force,T,Total,FI,Finland,2022,,6.8,,,,,
dataflow,ESTAT:TPS00203(1.0),Total unemployment rate,A,Annual,Y15-74,From 15 to 74 years,PC_ACT,Percentage of population in the labour force,T,Total,FI,Finland,2023,,7.2,,,,,
dataflow,ESTAT:TPS00203(1.0),Total unemployment rate,A,Annual,Y15-74,From 15 to 74 years,PC_ACT,Percentage of population in the labour force,T,Total,FI,Finland,2024,,8.4,,,,,
dataflow,ESTAT:TPS00203(1.0),Total unemployment rate,A,Annual,Y15-74,From 15 to 74 years,PC_ACT,Percentage of population in the labour force,T,Total,FR,France,2020,,8.0,,,,,
dataflow,ESTAT:TPS00203(1.0),Total unemployment rate,A,Annual,Y15-74,From 15 to 74 years,PC_ACT,Percentage of population in the labour force,T,Total,FR,France,2021,,7.9,,d,definition differs (see metadata),,
dataflow,ESTAT:TPS00203(1.0),Total unemployment rate,A,Annual,Y15-74,From 15 to 74 years,PC_ACT,Percentage of population in the labour force,T,Total,FR,France,2022,,7.3,,d,definition differs (see metadata),,
dataflow,ESTAT:TPS00203(1.0),Total unemployment rate,A,Annual,Y15-74,From 15 to 74 years,PC_ACT,Percentage of population in the labour force,T,Total,FR,France,2023,,7.3,,d,definition differs (see metadata),,
dataflow,ESTAT:TPS00203(1.0),Total unemployment rate,A,Annual,Y15-74,From 15 to 74 years,PC_ACT,Percentage of population in the labour force,T,Total,FR,France,2024,,7.4,,d,definition differs (see metadata),,
dataflow,ESTAT:TPS00203(1.0),Total unemployment rate,A,Annual,Y15-74,From 15 to 74 years,PC_ACT,Percentage of population in the labour force,T,Total,HR,Croatia,2020,,7.4,,,,,
dataflow,ESTAT:TPS00203(1.0),Total unemployment rate,A,Annual,Y15-74,From 15 to 74 years,PC_ACT,Percentage of population in the labour force,T,Total,HR,Croatia,2021,,7.5,,,,,
dataflow,ESTAT:TPS00203(1.0),Total unemployment rate,A,Annual,Y15-74,From 15 to 74 years,PC_ACT,Percentage of population in the labour force,T,Total,HR,Croatia,2022,,6.8,,,,,
dataflow,ESTAT:TPS00203(1.0),Total unemployment rate,A,Annual,Y15-74,From 15 to 74 years,PC_ACT,Percentage of population in the labour force,T,Total,HR,Croatia,2023,,6.1,,,,,
dataflow,ESTAT:TPS00203(1.0),Total unemployment rate,A,Annual,Y15-74,From 15 to 74 years,PC_ACT,Percentage of population in the labour force,T,Total,HR,Croatia,2024,,5.0,,,,,
dataflow,ESTAT:TPS00203(1.0),Total unemployment rate,A,Annual,Y15-74,From 15 to 74 years,PC_ACT,Percentage of population in the labour force,T,Total,HU,Hungary,2020,,4.1,,,,,
dataflow,ESTAT:TPS00203(1.0),Total unemployment rate,A,Annual,Y15-74,From 15 to 74 years,PC_ACT,Percentage of population in the labour force,T,Total,HU,Hungary,2021,,4.0,,,,,
dataflow,ESTAT:TPS00203(1.0),Total unemployment rate,A,Annual,Y15-74,From 15 to 74 years,PC_ACT,Percentage of population in the labour force,T,Total,HU,Hungary,2022,,3.6,,,,,
dataflow,ESTAT:TPS00203(1.0),Total unemployment rate,A,Annual,Y15-74,From 15 to 74 years,PC_ACT,Percentage of population in the labour force,T,Total,HU,Hungary,2023,,4.1,,,,,
dataflow,ESTAT:TPS00203(1.0),Total unemployment rate,A,Annual,Y15-74,From 15 to 74 years,PC_ACT,Percentage of population in the labour force,T,Total,HU,Hungary,2024,,4.5,,,,,
dataflow,ESTAT:TPS00203(1.0),Total unemployment rate,A,Annual,Y15-74,From 15 to 74 years,PC_ACT,Percentage of population in the labour force,T,Total,IE,Ireland,2020,,5.9,,,,,
dataflow,ESTAT:TPS00203(1.0),Total unemployment rate,A,Annual,Y15-74,From 15 to 74 years,PC_ACT,Percentage of population in the labour force,T,Total,IE,Ireland,2021,,6.2,,b,break in time series,,
dataflow,ESTAT:TPS00203(1.0),Total unemployment rate,A,Annual,Y15-74,From 15 to 74 years,PC_ACT,Percentage of population in the labour force,T,Total,IE,Ireland,2022,,4.5,,,,,
dataflow,ESTAT:TPS00203(1.0),Total unemployment rate,A,Annual,Y15-74,From 15 to 74 years,PC_ACT,Percentage of population in the labour force,T,Total,IE,Ireland,2023,,4.3,,,,,
dataflow,ESTAT:TPS00203(1.0),Total unemployment rate,A,Annual,Y15-74,From 15 to 74 years,PC_ACT,Percentage of population in the labour force,T,Total,IE,Ireland,2024,,4.3,,,,,
dataflow,ESTAT:TPS00203(1.0),Total unemployment rate,A,Annual,Y15-74,From 15 to 74 years,PC_ACT,Percentage of population in the labour force,T,Total,IS,Iceland,2020,,5.5,,b,break in time series,,
dataflow,ESTAT:TPS00203(1.0),Total unemployment rate,A,Annual,Y15-74,From 15 to 74 years,PC_ACT,Percentage of population in the labour force,T,Total,IS,Iceland,2021,,6.1,,,,,
dataflow,ESTAT:TPS00203(1.0),Total unemployment rate,A,Annual,Y15-74,From 15 to 74 years,PC_ACT,Percentage of population in the labour force,T,Total,IS,Iceland,2022,,3.8,,,,,
dataflow,ESTAT:TPS00203(1.0),Total unemployment rate,A,Annual,Y15-74,From 15 to 74 years,PC_ACT,Percentage of population in the labour force,T,Total,IS,Iceland,2023,,3.5,,,,,
dataflow,ESTAT:TPS00203(1.0),Total unemployment rate,A,Annual,Y15-74,From 15 to 74 years,PC_ACT,Percentage of population in the labour force,T,Total,IS,Iceland,2024,,3.6,,,,,
dataflow,ESTAT:TPS00203(1.0),Total unemployment rate,A,Annual,Y15-74,From 15 to 74 years,PC_ACT,Percentage of population in the labour force,T,Total,IT,Italy,2020,,9.3,,,,,
dataflow,ESTAT:TPS00203(1.0),Total unemployment rate,A,Annual,Y15-74,From 15 to 74 years,PC_ACT,Percentage of population in the labour force,T,Total,IT,Italy,2021,,9.5,,,,,
dataflow,ESTAT:TPS00203(1.0),Total unemployment rate,A,Annual,Y15-74,From 15 to 74 years,PC_ACT,Percentage of population in the labour force,T,Total,IT,Italy,2022,,8.1,,,,,
dataflow,ESTAT:TPS00203(1.0),Total unemployment rate,A,Annual,Y15-74,From 15 to 74 years,PC_ACT,Percentage of population in the labour force,T,Total,IT,Italy,2023,,7.7,,,,,
dataflow,ESTAT:TPS00203(1.0),Total unemployment rate,A,Annual,Y15-74,From 15 to 74 years,PC_ACT,Percentage of population in the labour force,T,Total,IT,Italy,2024,,6.5,,,,,
dataflow,ESTAT:TPS00203(1.0),Total unemployment rate,A,Annual,Y15-74,From 15 to 74 years,PC_ACT,Percentage of population in the labour force,T,Total,LT,Lithuania,2020,,8.5,,,,,
dataflow,ESTAT:TPS00203(1.0),Total unemployment rate,A,Annual,Y15-74,From 15 to 74 years,PC_ACT,Percentage of population in the labour force,T,Total,LT,Lithuania,2021,,7.1,,,,,
dataflow,ESTAT:TPS00203(1.0),Total unemployment rate,A,Annual,Y15-74,From 15 to 74 years,PC_ACT,Percentage of population in the labour force,T,Total,LT,Lithuania,2022,,6.0,,,,,
dataflow,ESTAT:TPS00203(1.0),Total unemployment rate,A,Annual,Y15-74,From 15 to 74 years,PC_ACT,Percentage of population in the labour force,T,Total,LT,Lithuania,2023,,6.9,,,,,
dataflow,ESTAT:TPS00203(1.0),Total unemployment rate,A,Annual,Y15-74,From 15 to 74 years,PC_ACT,Percentage of population in the labour force,T,Total,LT,Lithuania,2024,,7.1,,,,,
dataflow,ESTAT:TPS00203(1.0),Total unemployment rate,A,Annual,Y15-74,From 15 to 74 years,PC_ACT,Percentage of population in the labour force,T,Total,LU,Luxembourg,2020,,6.8,,,,,
dataflow,ESTAT:TPS00203(1.0),Total unemployment rate,A,Annual,Y15-74,From 15 to 74 years,PC_ACT,Percentage of population in the labour force,T,Total,LU,Luxembourg,2021,,5.3,,,,,
dataflow,ESTAT:TPS00203(1.0),Total unemployment rate,A,Annual,Y15-74,From 15 to 74 years,PC_ACT,Percentage of population in the labour force,T,Total,LU,Luxembourg,2022,,4.6,,,,,
dataflow,ESTAT:TPS00203(1.0),Total unemployment rate,A,Annual,Y15-74,From 15 to 74 years,PC_ACT,Percentage of population in the labour force,T,Total,LU,Luxembourg,2023,,5.2,,,,,
dataflow,ESTAT:TPS00203(1.0),Total unemployment rate,A,Annual,Y15-74,From 15 to 74 years,PC_ACT,Percentage of population in the labour force,T,Total,LU,Luxembourg,2024,,6.4,,,,,
dataflow,ESTAT:TPS00203(1.0),Total unemployment rate,A,Annual,Y15-74,From 15 to 74 years,PC_ACT,Percentage of population in the labour force,T,Total,LV,Latvia,2020,,8.1,,,,,
dataflow,ESTAT:TPS00203(1.0),Total unemployment rate,A,Annual,Y15-74,From 15 to 74 years,PC_ACT,Percentage of population in the labour force,T,Total,LV,Latvia,2021,,7.6,,,,,
dataflow,ESTAT:TPS00203(1.0),Total unemployment rate,A,Annual,Y15-74,From 15 to 74 years,PC_ACT,Percentage of population in the labour force,T,Total,LV,Latvia,2022,,6.9,,,,,
dataflow,ESTAT:TPS00203(1.0),Total unemployment rate,A,Annual,Y15-74,From 15 to 74 years,PC_ACT,Percentage of population in the labour force,T,Total,LV,Latvia,2023,,6.5,,,,,
dataflow,ESTAT:TPS00203(1.0),Total unemployment rate,A,Annual,Y15-74,From 15 to 74 years,PC_ACT,Percentage of population in the labour force,T,Total,LV,Latvia,2024,,6.9,,,,,
dataflow,ESTAT:TPS00203(1.0),Total unemployment rate,A,Annual,Y15-74,From 15 to 74 years,PC_ACT,Percentage of population in the labour force,T,Total,ME,Montenegro,2020,,17.9,,,,,
dataflow,ESTAT:TPS00203(1.0),Total unemployment rate,A,Annual,Y15-74,From 15 to 74 years,PC_ACT,Percentage of population in the labour force,T,Total,MK,North Macedonia,2020,,16.4,,,,,
dataflow,ESTAT:TPS00203(1.0),Total unemployment rate,A,Annual,Y15-74,From 15 to 74 years,PC_ACT,Percentage of population in the labour force,T,Total,MT,Malta,2020,,4.9,,,,,
dataflow,ESTAT:TPS00203(1.0),Total unemployment rate,A,Annual,Y15-74,From 15 to 74 years,PC_ACT,Percentage of population in the labour force,T,Total,MT,Malta,2021,,3.8,,,,,
dataflow,ESTAT:TPS00203(1.0),Total unemployment rate,A,Annual,Y15-74,From 15 to 74 years,PC_ACT,Percentage of population in the labour force,T,Total,MT,Malta,2022,,3.5,,,,,
dataflow,ESTAT:TPS00203(1.0),Total unemployment rate,A,Annual,Y15-74,From 15 to 74 years,PC_ACT,Percentage of population in the labour force,T,Total,MT,Malta,2023,,3.5,,,,,
dataflow,ESTAT:TPS00203(1.0),Total unemployment rate,A,Annual,Y15-74,From 15 to 74 years,PC_ACT,Percentage of population in the labour force,T,Total,MT,Malta,2024,,3.1,,,,,
dataflow,ESTAT:TPS00203(1.0),Total unemployment rate,A,Annual,Y15-74,From 15 to 74 years,PC_ACT,Percentage of population in the labour force,T,Total,NL,Netherlands,2020,,4.9,,,,,
dataflow,ESTAT:TPS00203(1.0),Total unemployment rate,A,Annual,Y15-74,From 15 to 74 years,PC_ACT,Percentage of population in the labour force,T,Total,NL,Netherlands,2021,,4.2,,,,,
dataflow,ESTAT:TPS00203(1.0),Total unemployment rate,A,Annual,Y15-74,From 15 to 74 years,PC_ACT,Percentage of population in the labour force,T,Total,NL,Netherlands,2022,,3.5,,,,,
dataflow,ESTAT:TPS00203(1.0),Total unemployment rate,A,Annual,Y15-74,From 15 to 74 years,PC_ACT,Percentage of population in the labour force,T,Total,NL,Netherlands,2023,,3.6,,,,,
dataflow,ESTAT:TPS00203(1.0),Total unemployment rate,A,Annual,Y15-74,From 15 to 74 years,PC_ACT,Percentage of population in the labour force,T,Total,NL,Netherlands,2024,,3.7,,,,,
dataflow,ESTAT:TPS00203(1.0),Total unemployment rate,A,Annual,Y15-74,From 15 to 74 years,PC_ACT,Percentage of population in the labour force,T,Total,NO,Norway,2020,,4.7,,,,,
dataflow,ESTAT:TPS00203(1.0),Total unemployment rate,A,Annual,Y15-74,From 15 to 74 years,PC_ACT,Percentage of population in the labour force,T,Total,NO,Norway,2021,,4.4,,,,,
dataflow,ESTAT:TPS00203(1.0),Total unemployment rate,A,Annual,Y15-74,From 15 to 74 years,PC_ACT,Percentage of population in the labour force,T,Total,NO,Norway,2022,,3.2,,,,,
dataflow,ESTAT:TPS00203(1.0),Total unemployment rate,A,Annual,Y15-74,From 15 to 74 years,PC_ACT,Percentage of population in the labour force,T,Total,NO,Norway,2023,,3.6,,,,,
dataflow,ESTAT:TPS00203(1.0),Total unemployment rate,A,Annual,Y15-74,From 15 to 74 years,PC_ACT,Percentage of population in the labour force,T,Total,NO,Norway,2024,,4.0,,,,,
dataflow,ESTAT:TPS00203(1.0),Total unemployment rate,A,Annual,Y15-74,From 15 to 74 years,PC_ACT,Percentage of population in the labour force,T,Total,PL,Poland,2020,,3.2,,,,,
dataflow,ESTAT:TPS00203(1.0),Total unemployment rate,A,Annual,Y15-74,From 15 to 74 years,PC_ACT,Percentage of population in the labour force,T,Total,PL,Poland,2021,,3.4,,,,,
dataflow,ESTAT:TPS00203(1.0),Total unemployment rate,A,Annual,Y15-74,From 15 to 74 years,PC_ACT,Percentage of population in the labour force,T,Total,PL,Poland,2022,,2.9,,,,,
dataflow,ESTAT:TPS00203(1.0),Total unemployment rate,A,Annual,Y15-74,From 15 to 74 years,PC_ACT,Percentage of population in the labour force,T,Total,PL,Poland,2023,,2.8,,,,,
dataflow,ESTAT:TPS00203(1.0),Total unemployment rate,A,Annual,Y15-74,From 15 to 74 years,PC_ACT,Percentage of population in the labour force,T,Total,PL,Poland,2024,,2.9,,,,,
dataflow,ESTAT:TPS00203(1.0),Total unemployment rate,A,Annual,Y15-74,From 15 to 74 years,PC_ACT,Percentage of population in the labour force,T,Total,PT,Portugal,2020,,7.1,,,,,
dataflow,ESTAT:TPS00203(1.0),Total unemployment rate,A,Annual,Y15-74,From 15 to 74 years,PC_ACT,Percentage of population in the labour force,T,Total,PT,Portugal,2021,,6.7,,,,,
dataflow,ESTAT:TPS00203(1.0),Total unemployment rate,A,Annual,Y15-74,From 15 to 74 years,PC_ACT,Percentage of population in the labour force,T,Total,PT,Portugal,2022,,6.2,,,,,
dataflow,ESTAT:TPS00203(1.0),Total unemployment rate,A,Annual,Y15-74,From 15 to 74 years,PC_ACT,Percentage of population in the labour force,T,Total,PT,Portugal,2023,,6.5,,,,,
dataflow,ESTAT:TPS00203(1.0),Total unemployment rate,A,Annual,Y15-74,From 15 to 74 years,PC_ACT,Percentage of population in the labour force,T,Total,PT,Portugal,2024,,6.5,,,,,
dataflow,ESTAT:TPS00203(1.0),Total unemployment rate,A,Annual,Y15-74,From 15 to 74 years,PC_ACT,Percentage of population in the labour force,T,Total,RO,Romania,2020,,6.1,,,,,
dataflow,ESTAT:TPS00203(1.0),Total unemployment rate,A,Annual,Y15-74,From 15 to 74 years,PC_ACT,Percentage of population in the labour force,T,Total,RO,Romania,2021,,5.6,,,,,
dataflow,ESTAT:TPS00203(1.0),Total unemployment rate,A,Annual,Y15-74,From 15 to 74 years,PC_ACT,Percentage of population in the labour force,T,Total,RO,Romania,2022,,5.6,,,,,
dataflow,ESTAT:TPS00203(1.0),Total unemployment rate,A,Annual,Y15-74,From 15 to 74 years,PC_ACT,Percentage of population in the labour force,T,Total,RO,Romania,2023,,5.6,,,,,
dataflow,ESTAT:TPS00203(1.0),Total unemployment rate,A,Annual,Y15-74,From 15 to 74 years,PC_ACT,Percentage of population in the labour force,T,Total,RO,Romania,2024,,5.4,,,,,
dataflow,ESTAT:TPS00203(1.0),Total unemployment rate,A,Annual,Y15-74,From 15 to 74 years,PC_ACT,Percentage of population in the labour force,T,Total,RS,Serbia,2020,,9.8,,,,,
dataflow,ESTAT:TPS00203(1.0),Total unemployment rate,A,Annual,Y15-74,From 15 to 74 years,PC_ACT,Percentage of population in the labour force,T,Total,RS,Serbia,2021,,11.2,,,,,
dataflow,ESTAT:TPS00203(1.0),Total unemployment rate,A,Annual,Y15-74,From 15 to 74 years,PC_ACT,Percentage of population in the labour force,T,Total,RS,Serbia,2022,,9.6,,,,,
dataflow,ESTAT:TPS00203(1.0),Total unemployment rate,A,Annual,Y15-74,From 15 to 74 years,PC_ACT,Percentage of population in the labour force,T,Total,RS,Serbia,2023,,9.5,,,,,
dataflow,ESTAT:TPS00203(1.0),Total unemployment rate,A,Annual,Y15-74,From 15 to 74 years,PC_ACT,Percentage of population in the labour force,T,Total,RS,Serbia,2024,,8.6,,,,,
dataflow,ESTAT:TPS00203(1.0),Total unemployment rate,A,Annual,Y15-74,From 15 to 74 years,PC_ACT,Percentage of population in the labour force,T,Total,SE,Sweden,2020,,8.5,,,,,
dataflow,ESTAT:TPS00203(1.0),Total unemployment rate,A,Annual,Y15-74,From 15 to 74 years,PC_ACT,Percentage of population in the labour force,T,Total,SE,Sweden,2021,,8.9,,,,,
dataflow,ESTAT:TPS00203(1.0),Total unemployment rate,A,Annual,Y15-74,From 15 to 74 years,PC_ACT,Percentage of population in the labour force,T,Total,SE,Sweden,2022,,7.5,,,,,
dataflow,ESTAT:TPS00203(1.0),Total unemployment rate,A,Annual,Y15-74,From 15 to 74 years,PC_ACT,Percentage of population in the labour force,T,Total,SE,Sweden,2023,,7.7,,,,,
dataflow,ESTAT:TPS00203(1.0),Total unemployment rate,A,Annual,Y15-74,From 15 to 74 years,PC_ACT,Percentage of population in the labour force,T,Total,SE,Sweden,2024,,8.4,,,,,
dataflow,ESTAT:TPS00203(1.0),Total unemployment rate,A,Annual,Y15-74,From 15 to 74 years,PC_ACT,Percentage of population in the labour force,T,Total,SI,Slovenia,2020,,5.0,,,,,
dataflow,ESTAT:TPS00203(1.0),Total unemployment rate,A,Annual,Y15-74,From 15 to 74 years,PC_ACT,Percentage of population in the labour force,T,Total,SI,Slovenia,2021,,4.8,,,,,
dataflow,ESTAT:TPS00203(1.0),Total unemployment rate,A,Annual,Y15-74,From 15 to 74 years,PC_ACT,Percentage of population in the labour force,T,Total,SI,Slovenia,2022,,4.0,,,,,
dataflow,ESTAT:TPS00203(1.0),Total unemployment rate,A,Annual,Y15-74,From 15 to 74 years,PC_ACT,Percentage of population in the labour force,T,Total,SI,Slovenia,2023,,3.7,,,,,
dataflow,ESTAT:TPS00203(1.0),Total unemployment rate,A,Annual,Y15-74,From 15 to 74 years,PC_ACT,Percentage of population in the labour force,T,Total,SI,Slovenia,2024,,3.7,,,,,
dataflow,ESTAT:TPS00203(1.0),Total unemployment rate,A,Annual,Y15-74,From 15 to 74 years,PC_ACT,Percentage of population in the labour force,T,Total,SK,Slovakia,2020,,6.7,,,,,
dataflow,ESTAT:TPS00203(1.0),Total unemployment rate,A,Annual,Y15-74,From 15 to 74 years,PC_ACT,Percentage of population in the labour force,T,Total,SK,Slovakia,2021,,6.8,,,,,
dataflow,ESTAT:TPS00203(1.0),Total unemployment rate,A,Annual,Y15-74,From 15 to 74 years,PC_ACT,Percentage of population in the labour force,T,Total,SK,Slovakia,2022,,6.1,,,,,
dataflow,ESTAT:TPS00203(1.0),Total unemployment rate,A,Annual,Y15-74,From 15 to 74 years,PC_ACT,Percentage of population in the labour force,T,Total,SK,Slovakia,2023,,5.8,,,,,
dataflow,ESTAT:TPS00203(1.0),Total unemployment rate,A,Annual,Y15-74,From 15 to 74 years,PC_ACT,Percentage of population in the labour force,T,Total,SK,Slovakia,2024,,5.3,,,,,
dataflow,ESTAT:TPS00203(1.0),Total unemployment rate,A,Annual,Y15-74,From 15 to 74 years,PC_ACT,Percentage of population in the labour force,T,Total,TR,Türkiye,2020,,13.2,,,,,
dataflow,ESTAT:TPS00203(1.0),Total unemployment rate,A,Annual,Y15-74,From 15 to 74 years,PC_ACT,Percentage of population in the labour force,T,Total,TR,Türkiye,2021,,12.0,,b,break in time series,,
dataflow,ESTAT:TPS00203(1.0),Total unemployment rate,A,Annual,Y15-74,From 15 to 74 years,PC_ACT,Percentage of population in the labour force,T,Total,TR,Türkiye,2022,,10.5,,,,,
dataflow,ESTAT:TPS00203(1.0),Total unemployment rate,A,Annual,Y15-74,From 15 to 74 years,PC_ACT,Percentage of population in the labour force,T,Total,TR,Türkiye,2023,,9.4,,,,,
dataflow,ESTAT:TPS00203(1.0),Total unemployment rate,A,Annual,Y15-74,From 15 to 74 years,PC_ACT,Percentage of population in the labour force,T,Total,TR,Türkiye,2024,,8.8,,,,,
dataflow,ESTAT:TPS00203(1.0),Total unemployment rate,A,Annual,Y15-74,From 15 to 74 years,PC_POP,Percentage of total population,T,Total,AT,Austria,2020,,4.1,,,,,
dataflow,ESTAT:TPS00203(1.0),Total unemployment rate,A,Annual,Y15-74,From 15 to 74 years,PC_POP,Percentage of total population,T,Total,AT,Austria,2021,,4.2,,,,,
dataflow,ESTAT:TPS00203(1.0),Total unemployment rate,A,Annual,Y15-74,From 15 to 74 years,PC_POP,Percentage of total population,T,Total,AT,Austria,2022,,3.3,,,,,
dataflow,ESTAT:TPS00203(1.0),Total unemployment rate,A,Annual,Y15-74,From 15 to 74 years,PC_POP,Percentage of total population,T,Total,AT,Austria,2023,,3.5,,,,,
dataflow,ESTAT:TPS00203(1.0),Total unemployment rate,A,Annual,Y15-74,From 15 to 74 years,PC_POP,Percentage of total population,T,Total,AT,Austria,2024,,3.6,,,,,
dataflow,ESTAT:TPS00203(1.0),Total unemployment rate,A,Annual,Y15-74,From 15 to 74 years,PC_POP,Percentage of total population,T,Total,BA,Bosnia and Herzegovina,2021,,9.0,,,,,
dataflow,ESTAT:TPS00203(1.0),Total unemployment rate,A,Annual,Y15-74,From 15 to 74 years,PC_POP,Percentage of total population,T,Total,BA,Bosnia and Herzegovina,2022,,7.9,,,,,
dataflow,ESTAT:TPS00203(1.0),Total unemployment rate,A,Annual,Y15-74,From 15 to 74 years,PC_POP,Percentage of total population,T,Total,BA,Bosnia and Herzegovina,2023,,6.8,,,,,
dataflow,ESTAT:TPS00203(1.0),Total unemployment rate,A,Annual,Y15-74,From 15 to 74 years,PC_POP,Percentage of total population,T,Total,BA,Bosnia and Herzegovina,2024,,6.7,,,,,
dataflow,ESTAT:TPS00203(1.0),Total unemployment rate,A,Annual,Y15-74,From 15 to 74 years,PC_POP,Percentage of total population,T,Total,BE,Belgium,2020,,3.4,,,,,
dataflow,ESTAT:TPS00203(1.0),Total unemployment rate,A,Annual,Y15-74,From 15 to 74 years,PC_POP,Percentage of total population,T,Total,BE,Belgium,2021,,3.8,,,,,
dataflow,ESTAT:TPS00203(1.0),Total unemployment rate,A,Annual,Y15-74,From 15 to 74 years,PC_POP,Percentage of total population,T,Total,BE,Belgium,2022,,3.4,,,,,
dataflow,ESTAT:TPS00203(1.0),Total unemployment rate,A,Annual,Y15-74,From 15 to 74 years,PC_POP,Percentage of total population,T,Total,BE,Belgium,2023,,3.4,,,,,
dataflow,ESTAT:TPS00203(1.0),Total unemployment rate,A,Annual,Y15-74,From 15 to 74 years,PC_POP,Percentage of total population,T,Total,BE,Belgium,2024,,3.5,,,,,
dataflow,ESTAT:TPS00203(1.0),Total unemployment rate,A,Annual,Y15-74,From 15 to 74 years,PC_POP,Percentage of total population,T,Total,BG,Bulgaria,2020,,3.7,,,,,
dataflow,ESTAT:TPS00203(1.0),Total unemployment rate,A,Annual,Y15-74,From 15 to 74 years,PC_POP,Percentage of total population,T,Total,BG,Bulgaria,2021,,3.2,,,,,
dataflow,ESTAT:TPS00203(1.0),Total unemployment rate,A,Annual,Y15-74,From 15 to 74 years,PC_POP,Percentage of total population,T,Total,BG,Bulgaria,2022,,2.6,,,,,
dataflow,ESTAT:TPS00203(1.0),Total unemployment rate,A,Annual,Y15-74,From 15 to 74 years,PC_POP,Percentage of total population,T,Total,BG,Bulgaria,2023,,2.7,,,,,
dataflow,ESTAT:TPS00203(1.0),Total unemployment rate,A,Annual,Y15-74,From 15 to 74 years,PC_POP,Percentage of total population,T,Total,BG,Bulgaria,2024,,2.6,,b,break in time series,,
dataflow,ESTAT:TPS00203(1.0),Total unemployment rate,A,Annual,Y15-74,From 15 to 74 years,PC_POP,Percentage of total population,T,Total,CH,Switzerland,2020,,3.7,,,,,
dataflow,ESTAT:TPS00203(1.0),Total unemployment rate,A,Annual,Y15-74,From 15 to 74 years,PC_POP,Percentage of total population,T,Total,CH,Switzerland,2021,,3.8,,,,,
dataflow,ESTAT:TPS00203(1.0),Total unemployment rate,A,Annual,Y15-74,From 15 to 74 years,PC_POP,Percentage of total population,T,Total,CH,Switzerland,2022,,3.1,,,,,
dataflow,ESTAT:TPS00203(1.0),Total unemployment rate,A,Annual,Y15-74,From 15 to 74 years,PC_POP,Percentage of total population,T,Total,CH,Switzerland,2023,,3.1,,,,,
dataflow,ESTAT:TPS00203(1.0),Total unemployment rate,A,Annual,Y15-74,From 15 to 74 years,PC_POP,Percentage of total population,T,Total,CH,Switzerland,2024,,3.3,,,,,
dataflow,ESTAT:TPS00203(1.0),Total unemployment rate,A,Annual,Y15-74,From 15 to 74 years,PC_POP,Percentage of total population,T,Total,CY,Cyprus,2020,,5.2,,,,,
dataflow,ESTAT:TPS00203(1.0),Total unemployment rate,A,Annual,Y15-74,From 15 to 74 years,PC_POP,Percentage of total population,T,Total,CY,Cyprus,2021,,5.0,,,,,
dataflow,ESTAT:TPS00203(1.0),Total unemployment rate,A,Annual,Y15-74,From 15 to 74 years,PC_POP,Percentage of total population,T,Total,CY,Cyprus,2022,,4.5,,,,,
dataflow,ESTAT:TPS00203(1.0),Total unemployment rate,A,Annual,Y15-74,From 15 to 74 years,PC_POP,Percentage of total population,T,Total,CY,Cyprus,2023,,4.2,,,,,
dataflow,ESTAT:TPS00203(1.0),Total unemployment rate,A,Annual,Y15-74,From 15 to 74 years,PC_POP,Percentage of total population,T,Total,CY,Cyprus,2024,,3.5,,,,,
dataflow,ESTAT:TPS00203(1.0),Total unemployment rate,A,Annual,Y15-74,From 15 to 74 years,PC_POP,Percentage of total population,T,Total,CZ,Czechia,2020,,1.7,,,,,
dataflow,ESTAT:TPS00203(1.0),Total unemployment rate,A,Annual,Y15-74,From 15 to 74 years,PC_POP,Percentage of total population,T,Total,CZ,Czechia,2021,,1.9,,,,,
dataflow,ESTAT:TPS00203(1.0),Total unemployment rate,A,Annual,Y15-74,From 15 to 74 years,PC_POP,Percentage of total population,T,Total,CZ,Czechia,2022,,1.5,,,,,
dataflow,ESTAT:TPS00203(1.0),Total unemployment rate,A,Annual,Y15-74,From 15 to 74 years,PC_POP,Percentage of total population,T,Total,CZ,Czechia,2023,,1.7,,,,,
dataflow,ESTAT:TPS00203(1.0),Total unemployment rate,A,Annual,Y15-74,From 15 to 74 years,PC_POP,Percentage of total population,T,Total,CZ,Czechia,2024,,1.8,,,,,
dataflow,ESTAT:TPS00203(1.0),Total unemployment rate,A,Annual,Y15-74,From 15 to 74 years,PC_POP,Percentage of total population,T,Total,DE,Germany,2020,,2.5,,b,break in time series,,
dataflow,ESTAT:TPS00203(1.0),Total unemployment rate,A,Annual,Y15-74,From 15 to 74 years,PC_POP,Percentage of total population,T,Total,DE,Germany,2021,,2.5,,,,,
dataflow,ESTAT:TPS00203(1.0),Total unemployment rate,A,Annual,Y15-74,From 15 to 74 years,PC_POP,Percentage of total population,T,Total,DE,Germany,2022,,2.2,,,,,
dataflow,ESTAT:TPS00203(1.0),Total unemployment rate,A,Annual,Y15-74,From 15 to 74 years,PC_POP,Percentage of total population,T,Total,DE,Germany,2023,,2.2,,,,,
dataflow,ESTAT:TPS00203(1.0),Total unemployment rate,A,Annual,Y15-74,From 15 to 74 years,PC_POP,Percentage of total population,T,Total,DE,Germany,2024,,2.4,,,,,
dataflow,ESTAT:TPS00203(1.0),Total unemployment rate,A,Annual,Y15-74,From 15 to 74 years,PC_POP,Percentage of total population,T,Total,DK,Denmark,2020,,3.9,,,,,
dataflow,ESTAT:TPS00203(1.0),Total unemployment rate,A,Annual,Y15-74,From 15 to 74 years,PC_POP,Percentage of total population,T,Total,DK,Denmark,2021,,3.6,,,,,
dataflow,ESTAT:TPS00203(1.0),Total unemployment rate,A,Annual,Y15-74,From 15 to 74 years,PC_POP,Percentage of total population,T,Total,DK,Denmark,2022,,3.2,,,,,
dataflow,ESTAT:TPS00203(1.0),Total unemployment rate,A,Annual,Y15-74,From 15 to 74 years,PC_POP,Percentage of total population,T,Total,DK,Denmark,2023,,3.7,,b,break in time series,,
dataflow,ESTAT:TPS00203(1.0),Total unemployment rate,A,Annual,Y15-74,From 15 to 74 years,PC_POP,Percentage of total population,T,Total,DK,Denmark,2024,,4.6,,,,,
dataflow,ESTAT:TPS00203(1.0),Total unemployment rate,A,Annual,Y15-74,From 15 to 74 years,PC_POP,Percentage of total population,T,Total,EE,Estonia,2020,,5.0,,,,,
dataflow,ESTAT:TPS00203(1.0),Total unemployment rate,A,Annual,Y15-74,From 15 to 74 years,PC_POP,Percentage of total population,T,Total,EE,Estonia,2021,,4.4,,,,,
dataflow,ESTAT:TPS00203(1.0),Total unemployment rate,A,Annual,Y15-74,From 15 to 74 years,PC_POP,Percentage of total population,T,Total,EE,Estonia,2022,,4.1,,,,,
dataflow,ESTAT:TPS00203(1.0),Total unemployment rate,A,Annual,Y15-74,From 15 to 74 years,PC_POP,Percentage of total population,T,Total,EE,Estonia,2023,,4.7,,,,,
dataflow,ESTAT:TPS00203(1.0),Total unemployment rate,A,Annual,Y15-74,From 15 to 74 years,PC_POP,Percentage of total population,T,Total,EE,Estonia,2024,,5.6,,,,,
dataflow,ESTAT:TPS00203(1.0),Total unemployment rate,A,Annual,Y15-74,From 15 to 74 years,PC_POP,Percentage of total population,T,Total,EL,Greece,2020,,10.0,,,,,
dataflow,ESTAT:TPS00203(1.0),Total unemployment rate,A,Annual,Y15-74,From 15 to 74 years,PC_POP,Percentage of total population,T,Total,EL,Greece,2021,,8.6,,,,,
dataflow,ESTAT:TPS00203(1.0),Total unemployment rate,A,Annual,Y15-74,From 15 to 74 years,PC_POP,Percentage of total population,T,Total,EL,Greece,2022,,7.5,,,,,
dataflow,ESTAT:TPS00203(1.0),Total unemployment rate,A,Annual,Y15-74,From 15 to 74 years,PC_POP,Percentage of total population,T,Total,EL,Greece,2023,,6.7,,,,,
dataflow,ESTAT:TPS00203(1.0),Total unemployment rate,A,Annual,Y15-74,From 15 to 74 years,PC_POP,Percentage of total population,T,Total,EL,Greece,2024,,6.2,,,,,
dataflow,ESTAT:TPS00203(1.0),Total unemployment rate,A,Annual,Y15-74,From 15 to 74 years,PC_POP,Percentage of total population,T,Total,ES,Spain,2020,,9.9,,,,,
dataflow,ESTAT:TPS00203(1.0),Total unemployment rate,A,Annual,Y15-74,From 15 to 74 years,PC_POP,Percentage of total population,T,Total,ES,Spain,2021,,9.6,,d,definition differs (see metadata),,
dataflow,ESTAT:TPS00203(1.0),Total unemployment rate,A,Annual,Y15-74,From 15 to 74 years,PC_POP,Percentage of total population,T,Total,ES,Spain,2022,,8.5,,d,definition differs (see metadata),,
dataflow,ESTAT:TPS00203(1.0),Total unemployment rate,A,Annual,Y15-74,From 15 to 74 years,PC_POP,Percentage of total population,T,Total,ES,Spain,2023,,8.0,,d,definition differs (see metadata),,
dataflow,ESTAT:TPS00203(1.0),Total unemployment rate,A,Annual,Y15-74,From 15 to 74 years,PC_POP,Percentage of total population,T,Total,ES,Spain,2024,,7.4,,d,definition differs (see metadata),,
dataflow,ESTAT:TPS00203(1.0),Total unemployment rate,A,Annual,Y15-74,From 15 to 74 years,PC_POP,Percentage of total population,T,Total,EU27_2020,European Union - 27 countries (from 2020),2020,,4.6,,,,,
dataflow,ESTAT:TPS00203(1.0),Total unemployment rate,A,Annual,Y15-74,From 15 to 74 years,PC_POP,Percentage of total population,T,Total,EU27_2020,European Union - 27 countries (from 2020),2021,,4.5,,,,,
dataflow,ESTAT:TPS00203(1.0),Total unemployment rate,A,Annual,Y15-74,From 15 to 74 years,PC_POP,Percentage of total population,T,Total,EU27_2020,European Union - 27 countries (from 2020),2022,,4.0,,,,,
dataflow,ESTAT:TPS00203(1.0),Total unemployment rate,A,Annual,Y15-74,From 15 to 74 years,PC_POP,Percentage of total population,T,Total,EU27_2020,European Union - 27 countries (from 2020),2023,,4.0,,,,,
dataflow,ESTAT:TPS00203(1.0),Total unemployment rate,A,Annual,Y15-74,From 15 to 74 years,PC_POP,Percentage of total population,T,Total,EU27_2020,European Union - 27 countries (from 2020),2024,,3.9,,,,,
dataflow,ESTAT:TPS00203(1.0),Total unemployment rate,A,Annual,Y15-74,From 15 to 74 years,PC_POP,Percentage of total population,T,Total,FI,Finland,2020,,5.1,,,,,
dataflow,ESTAT:TPS00203(1.0),Total unemployment rate,A,Annual,Y15-74,From 15 to 74 years,PC_POP,Percentage of total population,T,Total,FI,Finland,2021,,5.2,,,,,
dataflow,ESTAT:TPS00203(1.0),Total unemployment rate,A,Annual,Y15-74,From 15 to 74 years,PC_POP,Percentage of total population,T,Total,FI,Finland,2022,,4.6,,,,,
dataflow,ESTAT:TPS00203(1.0),Total unemployment rate,A,Annual,Y15-74,From 15 to 74 years,PC_POP,Percentage of total population,T,Total,FI,Finland,2023,,5.0,,,,,
dataflow,ESTAT:TPS00203(1.0),Total unemployment rate,A,Annual,Y15-74,From 15 to 74 years,PC_POP,Percentage of total population,T,Total,FI,Finland,2024,,5.8,,,,,
dataflow,ESTAT:TPS00203(1.0),Total unemployment rate,A,Annual,Y15-74,From 15 to 74 years,PC_POP,Percentage of total population,T,Total,FR,France,2020,,5.0,,,,,
dataflow,ESTAT:TPS00203(1.0),Total unemployment rate,A,Annual,Y15-74,From 15 to 74 years,PC_POP,Percentage of total population,T,Total,FR,France,2021,,4.9,,d,definition differs (see metadata),,
dataflow,ESTAT:TPS00203(1.0),Total unemployment rate,A,Annual,Y15-74,From 15 to 74 years,PC_POP,Percentage of total population,T,Total,FR,France,2022,,4.6,,d,definition differs (see metadata),,
dataflow,ESTAT:TPS00203(1.0),Total unemployment rate,A,Annual,Y15-74,From 15 to 74 years,PC_POP,Percentage of total population,T,Total,FR,France,2023,,4.7,,d,definition differs (see metadata),,
dataflow,ESTAT:TPS00203(1.0),Total unemployment rate,A,Annual,Y15-74,From 15 to 74 years,PC_POP,Percentage of total population,T,Total,FR,France,2024,,4.8,,d,definition differs (see metadata),,
dataflow,ESTAT:TPS00203(1.0),Total unemployment rate,A,Annual,Y15-74,From 15 to 74 years,PC_POP,Percentage of total population,T,Total,HR,Croatia,2020,,4.2,,,,,
dataflow,ESTAT:TPS00203(1.0),Total unemployment rate,A,Annual,Y15-74,From 15 to 74 years,PC_POP,Percentage of total population,T,Total,HR,Croatia,2021,,4.4,,,,,
dataflow,ESTAT:TPS00203(1.0),Total unemployment rate,A,Annual,Y15-74,From 15 to 74 years,PC_POP,Percentage of total population,T,Total,HR,Croatia,2022,,4.0,,,,,
dataflow,ESTAT:TPS00203(1.0),Total unemployment rate,A,Annual,Y15-74,From 15 to 74 years,PC_POP,Percentage of total population,T,Total,HR,Croatia,2023,,3.6,,,,,
dataflow,ESTAT:TPS00203(1.0),Total unemployment rate,A,Annual,Y15-74,From 15 to 74 years,PC_POP,Percentage of total population,T,Total,HR,Croatia,2024,,3.0,,,,,
dataflow,ESTAT:TPS00203(1.0),Total unemployment rate,A,Annual,Y15-74,From 15 to 74 years,PC_POP,Percentage of total population,T,Total,HU,Hungary,2020,,2.7,,,,,
dataflow,ESTAT:TPS00203(1.0),Total unemployment rate,A,Annual,Y15-74,From 15 to 74 years,PC_POP,Percentage of total population,T,Total,HU,Hungary,2021,,2.6,,,,,
dataflow,ESTAT:TPS00203(1.0),Total unemployment rate,A,Annual,Y15-74,From 15 to 74 years,PC_POP,Percentage of total population,T,Total,HU,Hungary,2022,,2.4,,,,,
dataflow,ESTAT:TPS00203(1.0),Total unemployment rate,A,Annual,Y15-74,From 15 to 74 years,PC_POP,Percentage of total population,T,Total,HU,Hungary,2023,,2.8,,,,,
dataflow,ESTAT:TPS00203(1.0),Total unemployment rate,A,Annual,Y15-74,From 15 to 74 years,PC_POP,Percentage of total population,T,Total,HU,Hungary,2024,,3.1,,,,,
dataflow,ESTAT:TPS00203(1.0),Total unemployment rate,A,Annual,Y15-74,From 15 to 74 years,PC_POP,Percentage of total population,T,Total,IE,Ireland,2020,,3.8,,,,,
dataflow,ESTAT:TPS00203(1.0),Total unemployment rate,A,Annual,Y15-74,From 15 to 74 years,PC_POP,Percentage of total population,T,Total,IE,Ireland,2021,,4.3,,b,break in time series,,
dataflow,ESTAT:TPS00203(1.0),Total unemployment rate,A,Annual,Y15-74,From 15 to 74 years,PC_POP,Percentage of total population,T,Total,IE,Ireland,2022,,3.1,,,,,
dataflow,ESTAT:TPS00203(1.0),Total unemployment rate,A,Annual,Y15-74,From 15 to 74 years,PC_POP,Percentage of total population,T,Total,IE,Ireland,2023,,3.1,,,,,
dataflow,ESTAT:TPS00203(1.0),Total unemployment rate,A,Annual,Y15-74,From 15 to 74 years,PC_POP,Percentage of total population,T,Total,IE,Ireland,2024,,3.1,,,,,
dataflow,ESTAT:TPS00203(1.0),Total unemployment rate,A,Annual,Y15-74,From 15 to 74 years,PC_POP,Percentage of total population,T,Total,IS,Iceland,2020,,4.3,,b,break in time series,,
dataflow,ESTAT:TPS00203(1.0),Total unemployment rate,A,Annual,Y15-74,From 15 to 74 years,PC_POP,Percentage of total population,T,Total,IS,Iceland,2021,,4.8,,,,,
dataflow,ESTAT:TPS00203(1.0),Total unemployment rate,A,Annual,Y15-74,From 15 to 74 years,PC_POP,Percentage of total population,T,Total,IS,Iceland,2022,,3.0,,,,,
dataflow,ESTAT:TPS00203(1.0),Total unemployment rate,A,Annual,Y15-74,From 15 to 74 years,PC_POP,Percentage of total population,T,Total,IS,Iceland,2023,,2.8,,,,,
dataflow,ESTAT:TPS00203(1.0),Total unemployment rate,A,Annual,Y15-74,From 15 to 74 years,PC_POP,Percentage of total population,T,Total,IS,Iceland,2024,,2.9,,,,,
dataflow,ESTAT:TPS00203(1.0),Total unemployment rate,A,Annual,Y15-74,From 15 to 74 years,PC_POP,Percentage of total population,T,Total,IT,Italy,2020,,5.2,,,,,
dataflow,ESTAT:TPS00203(1.0),Total unemployment rate,A,Annual,Y15-74,From 15 to 74 years,PC_POP,Percentage of total population,T,Total,IT,Italy,2021,,5.3,,,,,
dataflow,ESTAT:TPS00203(1.0),Total unemployment rate,A,Annual,Y15-74,From 15 to 74 years,PC_POP,Percentage of total population,T,Total,IT,Italy,2022,,4.6,,,,,
dataflow,ESTAT:TPS00203(1.0),Total unemployment rate,A,Annual,Y15-74,From 15 to 74 years,PC_POP,Percentage of total population,T,Total,IT,Italy,2023,,4.4,,,,,
dataflow,ESTAT:TPS00203(1.0),Total unemployment rate,A,Annual,Y15-74,From 15 to 74 years,PC_POP,Percentage of total population,T,Total,IT,Italy,2024,,3.8,,,,,
dataflow,ESTAT:TPS00203(1.0),Total unemployment rate,A,Annual,Y15-74,From 15 to 74 years,PC_POP,Percentage of total population,T,Total,LT,Lithuania,2020,,6.0,,,,,
dataflow,ESTAT:TPS00203(1.0),Total unemployment rate,A,Annual,Y15-74,From 15 to 74 years,PC_POP,Percentage of total population,T,Total,LT,Lithuania,2021,,5.0,,,,,
dataflow,ESTAT:TPS00203(1.0),Total unemployment rate,A,Annual,Y15-74,From 15 to 74 years,PC_POP,Percentage of total population,T,Total,LT,Lithuania,2022,,4.2,,,,,
dataflow,ESTAT:TPS00203(1.0),Total unemployment rate,A,Annual,Y15-74,From 15 to 74 years,PC_POP,Percentage of total population,T,Total,LT,Lithuania,2023,,4.8,,,,,
dataflow,ESTAT:TPS00203(1.0),Total unemployment rate,A,Annual,Y15-74,From 15 to 74 years,PC_POP,Percentage of total population,T,Total,LT,Lithuania,2024,,5.1,,,,,
dataflow,ESTAT:TPS00203(1.0),Total unemployment rate,A,Annual,Y15-74,From 15 to 74 years,PC_POP,Percentage of total population,T,Total,LU,Luxembourg,2020,,4.4,,,,,
dataflow,ESTAT:TPS00203(1.0),Total unemployment rate,A,Annual,Y15-74,From 15 to 74 years,PC_POP,Percentage of total population,T,Total,LU,Luxembourg,2021,,3.5,,,,,
dataflow,ESTAT:TPS00203(1.0),Total unemployment rate,A,Annual,Y15-74,From 15 to 74 years,PC_POP,Percentage of total population,T,Total,LU,Luxembourg,2022,,3.1,,,,,
dataflow,ESTAT:TPS00203(1.0),Total unemployment rate,A,Annual,Y15-74,From 15 to 74 years,PC_POP,Percentage of total population,T,Total,LU,Luxembourg,2023,,3.5,,,,,
dataflow,ESTAT:TPS00203(1.0),Total unemployment rate,A,Annual,Y15-74,From 15 to 74 years,PC_POP,Percentage of total population,T,Total,LU,Luxembourg,2024,,4.3,,,,,
dataflow,ESTAT:TPS00203(1.0),Total unemployment rate,A,Annual,Y15-74,From 15 to 74 years,PC_POP,Percentage of total population,T,Total,LV,Latvia,2020,,5.7,,,,,
dataflow,ESTAT:TPS00203(1.0),Total unemployment rate,A,Annual,Y15-74,From 15 to 74 years,PC_POP,Percentage of total population,T,Total,LV,Latvia,2021,,5.1,,,,,
dataflow,ESTAT:TPS00203(1.0),Total unemployment rate,A,Annual,Y15-74,From 15 to 74 years,PC_POP,Percentage of total population,T,Total,LV,Latvia,2022,,4.7,,,,,
dataflow,ESTAT:TPS00203(1.0),Total unemployment rate,A,Annual,Y15-74,From 15 to 74 years,PC_POP,Percentage of total population,T,Total,LV,Latvia,2023,,4.5,,,,,
dataflow,ESTAT:TPS00203(1.0),Total unemployment rate,A,Annual,Y15-74,From 15 to 74 years,PC_POP,Percentage of total population,T,Total,LV,Latvia,2024,,4.8,,,,,
dataflow,ESTAT:TPS00203(1.0),Total unemployment rate,A,Annual,Y15-74,From 15 to 74 years,PC_POP,Percentage of total population,T,Total,ME,Montenegro,2020,,10.2,,,,,
dataflow,ESTAT:TPS00203(1.0),Total unemployment rate,A,Annual,Y15-74,From 15 to 74 years,PC_POP,Percentage of total population,T,Total,MK,North Macedonia,2020,,9.6,,,,,
dataflow,ESTAT:TPS00203(1.0),Total unemployment rate,A,Annual,Y15-74,From 15 to 74 years,PC_POP,Percentage of total population,T,Total,MT,Malta,2020,,3.2,,,,,
dataflow,ESTAT:TPS00203(1.0),Total unemployment rate,A,Annual,Y15-74,From 15 to 74 years,PC_POP,Percentage of total population,T,Total,MT,Malta,2021,,2.5,,,,,
dataflow,ESTAT:TPS00203(1.0),Total unemployment rate,A,Annual,Y15-74,From 15 to 74 years,PC_POP,Percentage of total population,T,Total,MT,Malta,2022,,2.4,,,,,
dataflow,ESTAT:TPS00203(1.0),Total unemployment rate,A,Annual,Y15-74,From 15 to 74 years,PC_POP,Percentage of total population,T,Total,MT,Malta,2023,,2.5,,,,,
dataflow,ESTAT:TPS00203(1.0),Total unemployment rate,A,Annual,Y15-74,From 15 to 74 years,PC_POP,Percentage of total population,T,Total,MT,Malta,2024,,2.3,,,,,
dataflow,ESTAT:TPS00203(1.0),Total unemployment rate,A,Annual,Y15-74,From 15 to 74 years,PC_POP,Percentage of total population,T,Total,NL,Netherlands,2020,,3.6,,,,,
dataflow,ESTAT:TPS00203(1.0),Total unemployment rate,A,Annual,Y15-74,From 15 to 74 years,PC_POP,Percentage of total population,T,Total,NL,Netherlands,2021,,3.1,,,,,
dataflow,ESTAT:TPS00203(1.0),Total unemployment rate,A,Annual,Y15-74,From 15 to 74 years,PC_POP,Percentage of total population,T,Total,NL,Netherlands,2022,,2.6,,,,,
dataflow,ESTAT:TPS00203(1.0),Total unemployment rate,A,Annual,Y15-74,From 15 to 74 years,PC_POP,Percentage of total population,T,Total,NL,Netherlands,2023,,2.7,,,,,
dataflow,ESTAT:TPS00203(1.0),Total unemployment rate,A,Annual,Y15-74,From 15 to 74 years,PC_POP,Percentage of total population,T,Total,NL,Netherlands,2024,,2.8,,,,,
dataflow,ESTAT:TPS00203(1.0),Total unemployment rate,A,Annual,Y15-74,From 15 to 74 years,PC_POP,Percentage of total population,T,Total,NO,Norway,2020,,3.4,,,,,
dataflow,ESTAT:TPS00203(1.0),Total unemployment rate,A,Annual,Y15-74,From 15 to 74 years,PC_POP,Percentage of total population,T,Total,NO,Norway,2021,,3.2,,,,,
dataflow,ESTAT:TPS00203(1.0),Total unemployment rate,A,Annual,Y15-74,From 15 to 74 years,PC_POP,Percentage of total population,T,Total,NO,Norway,2022,,2.4,,,,,
dataflow,ESTAT:TPS00203(1.0),Total unemployment rate,A,Annual,Y15-74,From 15 to 74 years,PC_POP,Percentage of total population,T,Total,NO,Norway,2023,,2.6,,,,,
dataflow,ESTAT:TPS00203(1.0),Total unemployment rate,A,Annual,Y15-74,From 15 to 74 years,PC_POP,Percentage of total population,T,Total,NO,Norway,2024,,2.9,,,,,
dataflow,ESTAT:TPS00203(1.0),Total unemployment rate,A,Annual,Y15-74,From 15 to 74 years,PC_POP,Percentage of total population,T,Total,PL,Poland,2020,,1.9,,,,,
dataflow,ESTAT:TPS00203(1.0),Total unemployment rate,A,Annual,Y15-74,From 15 to 74 years,PC_POP,Percentage of total population,T,Total,PL,Poland,2021,,2.1,,,,,
dataflow,ESTAT:TPS00203(1.0),Total unemployment rate,A,Annual,Y15-74,From 15 to 74 years,PC_POP,Percentage of total population,T,Total,PL,Poland,2022,,1.8,,,,,
dataflow,ESTAT:TPS00203(1.0),Total unemployment rate,A,Annual,Y15-74,From 15 to 74 years,PC_POP,Percentage of total population,T,Total,PL,Poland,2023,,1.8,,,,,
dataflow,ESTAT:TPS00203(1.0),Total unemployment rate,A,Annual,Y15-74,From 15 to 74 years,PC_POP,Percentage of total population,T,Total,PL,Poland,2024,,1.8,,,,,
dataflow,ESTAT:TPS00203(1.0),Total unemployment rate,A,Annual,Y15-74,From 15 to 74 years,PC_POP,Percentage of total population,T,Total,PT,Portugal,2020,,4.5,,,,,
dataflow,ESTAT:TPS00203(1.0),Total unemployment rate,A,Annual,Y15-74,From 15 to 74 years,PC_POP,Percentage of total population,T,Total,PT,Portugal,2021,,4.4,,,,,
dataflow,ESTAT:TPS00203(1.0),Total unemployment rate,A,Annual,Y15-74,From 15 to 74 years,PC_POP,Percentage of total population,T,Total,PT,Portugal,2022,,4.1,,,,,
dataflow,ESTAT:TPS00203(1.0),Total unemployment rate,A,Annual,Y15-74,From 15 to 74 years,PC_POP,Percentage of total population,T,Total,PT,Portugal,2023,,4.4,,,,,
dataflow,ESTAT:TPS00203(1.0),Total unemployment rate,A,Annual,Y15-74,From 15 to 74 years,PC_POP,Percentage of total population,T,Total,PT,Portugal,2024,,4.4,,,,,
dataflow,ESTAT:TPS00203(1.0),Total unemployment rate,A,Annual,Y15-74,From 15 to 74 years,PC_POP,Percentage of total population,T,Total,RO,Romania,2020,,3.4,,,,,
dataflow,ESTAT:TPS00203(1.0),Total unemployment rate,A,Annual,Y15-74,From 15 to 74 years,PC_POP,Percentage of total population,T,Total,RO,Romania,2021,,3.2,,,,,
dataflow,ESTAT:TPS00203(1.0),Total unemployment rate,A,Annual,Y15-74,From 15 to 74 years,PC_POP,Percentage of total population,T,Total,RO,Romania,2022,,3.2,,,,,
dataflow,ESTAT:TPS00203(1.0),Total unemployment rate,A,Annual,Y15-74,From 15 to 74 years,PC_POP,Percentage of total population,T,Total,RO,Romania,2023,,3.2,,,,,
dataflow,ESTAT:TPS00203(1.0),Total unemployment rate,A,Annual,Y15-74,From 15 to 74 years,PC_POP,Percentage of total population,T,Total,RO,Romania,2024,,3.1,,,,,
dataflow,ESTAT:TPS00203(1.0),Total unemployment rate,A,Annual,Y15-74,From 15 to 74 years,PC_POP,Percentage of total population,T,Total,RS,Serbia,2020,,5.7,,,,,
dataflow,ESTAT:TPS00203(1.0),Total unemployment rate,A,Annual,Y15-74,From 15 to 74 years,PC_POP,Percentage of total population,T,Total,RS,Serbia,2021,,6.6,,,,,
dataflow,ESTAT:TPS00203(1.0),Total unemployment rate,A,Annual,Y15-74,From 15 to 74 years,PC_POP,Percentage of total population,T,Total,RS,Serbia,2022,,5.7,,,,,
dataflow,ESTAT:TPS00203(1.0),Total unemployment rate,A,Annual,Y15-74,From 15 to 74 years,PC_POP,Percentage of total population,T,Total,RS,Serbia,2023,,5.8,,,,,
dataflow,ESTAT:TPS00203(1.0),Total unemployment rate,A,Annual,Y15-74,From 15 to 74 years,PC_POP,Percentage of total population,T,Total,RS,Serbia,2024,,5.4,,,,,
dataflow,ESTAT:TPS00203(1.0),Total unemployment rate,A,Annual,Y15-74,From 15 to 74 years,PC_POP,Percentage of total population,T,Total,SE,Sweden,2020,,6.2,,,,,
dataflow,ESTAT:TPS00203(1.0),Total unemployment rate,A,Annual,Y15-74,From 15 to 74 years,PC_POP,Percentage of total population,T,Total,SE,Sweden,2021,,6.6,,,,,
dataflow,ESTAT:TPS00203(1.0),Total unemployment rate,A,Annual,Y15-74,From 15 to 74 years,PC_POP,Percentage of total population,T,Total,SE,Sweden,2022,,5.6,,,,,
dataflow,ESTAT:TPS00203(1.0),Total unemployment rate,A,Annual,Y15-74,From 15 to 74 years,PC_POP,Percentage of total population,T,Total,SE,Sweden,2023,,5.8,,,,,
dataflow,ESTAT:TPS00203(1.0),Total unemployment rate,A,Annual,Y15-74,From 15 to 74 years,PC_POP,Percentage of total population,T,Total,SE,Sweden,2024,,6.3,,,,,
dataflow,ESTAT:TPS00203(1.0),Total unemployment rate,A,Annual,Y15-74,From 15 to 74 years,PC_POP,Percentage of total population,T,Total,SI,Slovenia,2020,,3.2,,,,,
dataflow,ESTAT:TPS00203(1.0),Total unemployment rate,A,Annual,Y15-74,From 15 to 74 years,PC_POP,Percentage of total population,T,Total,SI,Slovenia,2021,,3.1,,,,,
dataflow,ESTAT:TPS00203(1.0),Total unemployment rate,A,Annual,Y15-74,From 15 to 74 years,PC_POP,Percentage of total population,T,Total,SI,Slovenia,2022,,2.6,,,,,
dataflow,ESTAT:TPS00203(1.0),Total unemployment rate,A,Annual,Y15-74,From 15 to 74 years,PC_POP,Percentage of total population,T,Total,SI,Slovenia,2023,,2.4,,,,,
dataflow,ESTAT:TPS00203(1.0),Total unemployment rate,A,Annual,Y15-74,From 15 to 74 years,PC_POP,Percentage of total population,T,Total,SI,Slovenia,2024,,2.4,,,,,
dataflow,ESTAT:TPS00203(1.0),Total unemployment rate,A,Annual,Y15-74,From 15 to 74 years,PC_POP,Percentage of total population,T,Total,SK,Slovakia,2020,,4.4,,,,,
dataflow,ESTAT:TPS00203(1.0),Total unemployment rate,A,Annual,Y15-74,From 15 to 74 years,PC_POP,Percentage of total population,T,Total,SK,Slovakia,2021,,4.5,,,,,
dataflow,ESTAT:TPS00203(1.0),Total unemployment rate,A,Annual,Y15-74,From 15 to 74 years,PC_POP,Percentage of total population,T,Total,SK,Slovakia,2022,,4.1,,,,,
dataflow,ESTAT:TPS00203(1.0),Total unemployment rate,A,Annual,Y15-74,From 15 to 74 years,PC_POP,Percentage of total population,T,Total,SK,Slovakia,2023,,3.9,,,,,
dataflow,ESTAT:TPS00203(1.0),Total unemployment rate,A,Annual,Y15-74,From 15 to 74 years,PC_POP,Percentage of total population,T,Total,SK,Slovakia,2024,,3.6,,,,,
dataflow,ESTAT:TPS00203(1.0),Total unemployment rate,A,Annual,Y15-74,From 15 to 74 years,PC_POP,Percentage of total population,T,Total,TR,Türkiye,2020,,6.8,,,,,
dataflow,ESTAT:TPS00203(1.0),Total unemployment rate,A,Annual,Y15-74,From 15 to 74 years,PC_POP,Percentage of total population,T,Total,TR,Türkiye,2021,,6.4,,b,break in time series,,
dataflow,ESTAT:TPS00203(1.0),Total unemployment rate,A,Annual,Y15-74,From 15 to 74 years,PC_POP,Percentage of total population,T,Total,TR,Türkiye,2022,,5.8,,,,,
dataflow,ESTAT:TPS00203(1.0),Total unemployment rate,A,Annual,Y15-74,From 15 to 74 years,PC_POP,Percentage of total population,T,Total,TR,Türkiye,2023,,5.3,,,,,
dataflow,ESTAT:TPS00203(1.0),Total unemployment rate,A,Annual,Y15-74,From 15 to 74 years,PC_POP,Percentage of total population,T,Total,TR,Türkiye,2024,,5.0,,,,,
dataflow,ESTAT:TPS00203(1.0),Total unemployment rate,A,Annual,Y15-74,From 15 to 74 years,THS_PER,Thousand persons,T,Total,AT,Austria,2020,,272,,,,,
dataflow,ESTAT:TPS00203(1.0),Total unemployment rate,A,Annual,Y15-74,From 15 to 74 years,THS_PER,Thousand persons,T,Total,AT,Austria,2021,,284,,,,,
dataflow,ESTAT:TPS00203(1.0),Total unemployment rate,A,Annual,Y15-74,From 15 to 74 years,THS_PER,Thousand persons,T,Total,AT,Austria,2022,,221,,,,,
dataflow,ESTAT:TPS00203(1.0),Total unemployment rate,A,Annual,Y15-74,From 15 to 74 years,THS_PER,Thousand persons,T,Total,AT,Austria,2023,,241,,,,,
dataflow,ESTAT:TPS00203(1.0),Total unemployment rate,A,Annual,Y15-74,From 15 to 74 years,THS_PER,Thousand persons,T,Total,AT,Austria,2024,,244,,,,,
dataflow,ESTAT:TPS00203(1.0),Total unemployment rate,A,Annual,Y15-74,From 15 to 74 years,THS_PER,Thousand persons,T,Total,BA,Bosnia and Herzegovina,2021,,242,,,,,
dataflow,ESTAT:TPS00203(1.0),Total unemployment rate,A,Annual,Y15-74,From 15 to 74 years,THS_PER,Thousand persons,T,Total,BA,Bosnia and Herzegovina,2022,,211,,,,,
dataflow,ESTAT:TPS00203(1.0),Total unemployment rate,A,Annual,Y15-74,From 15 to 74 years,THS_PER,Thousand persons,T,Total,BA,Bosnia and Herzegovina,2023,,181,,,,,
dataflow,ESTAT:TPS00203(1.0),Total unemployment rate,A,Annual,Y15-74,From 15 to 74 years,THS_PER,Thousand persons,T,Total,BA,Bosnia and Herzegovina,2024,,179,,,,,
dataflow,ESTAT:TPS00203(1.0),Total unemployment rate,A,Annual,Y15-74,From 15 to 74 years,THS_PER,Thousand persons,T,Total,BE,Belgium,2020,,291,,,,,
dataflow,ESTAT:TPS00203(1.0),Total unemployment rate,A,Annual,Y15-74,From 15 to 74 years,THS_PER,Thousand persons,T,Total,BE,Belgium,2021,,324,,,,,
dataflow,ESTAT:TPS00203(1.0),Total unemployment rate,A,Annual,Y15-74,From 15 to 74 years,THS_PER,Thousand persons,T,Total,BE,Belgium,2022,,294,,,,,
dataflow,ESTAT:TPS00203(1.0),Total unemployment rate,A,Annual,Y15-74,From 15 to 74 years,THS_PER,Thousand persons,T,Total,BE,Belgium,2023,,294,,,,,
dataflow,ESTAT:TPS00203(1.0),Total unemployment rate,A,Annual,Y15-74,From 15 to 74 years,THS_PER,Thousand persons,T,Total,BE,Belgium,2024,,306,,,,,
dataflow,ESTAT:TPS00203(1.0),Total unemployment rate,A,Annual,Y15-74,From 15 to 74 years,THS_PER,Thousand persons,T,Total,BG,Bulgaria,2020,,187,,,,,
dataflow,ESTAT:TPS00203(1.0),Total unemployment rate,A,Annual,Y15-74,From 15 to 74 years,THS_PER,Thousand persons,T,Total,BG,Bulgaria,2021,,157,,,,,
dataflow,ESTAT:TPS00203(1.0),Total unemployment rate,A,Annual,Y15-74,From 15 to 74 years,THS_PER,Thousand persons,T,Total,BG,Bulgaria,2022,,127,,,,,
dataflow,ESTAT:TPS00203(1.0),Total unemployment rate,A,Annual,Y15-74,From 15 to 74 years,THS_PER,Thousand persons,T,Total,BG,Bulgaria,2023,,132,,,,,
dataflow,ESTAT:TPS00203(1.0),Total unemployment rate,A,Annual,Y15-74,From 15 to 74 years,THS_PER,Thousand persons,T,Total,BG,Bulgaria,2024,,127,,b,break in time series,,
dataflow,ESTAT:TPS00203(1.0),Total unemployment rate,A,Annual,Y15-74,From 15 to 74 years,THS_PER,Thousand persons,T,Total,CH,Switzerland,2020,,238,,,,,
dataflow,ESTAT:TPS00203(1.0),Total unemployment rate,A,Annual,Y15-74,From 15 to 74 years,THS_PER,Thousand persons,T,Total,CH,Switzerland,2021,,248,,,,,
dataflow,ESTAT:TPS00203(1.0),Total unemployment rate,A,Annual,Y15-74,From 15 to 74 years,THS_PER,Thousand persons,T,Total,CH,Switzerland,2022,,204,,,,,
dataflow,ESTAT:TPS00203(1.0),Total unemployment rate,A,Annual,Y15-74,From 15 to 74 years,THS_PER,Thousand persons,T,Total,CH,Switzerland,2023,,204,,,,,
dataflow,ESTAT:TPS00203(1.0),Total unemployment rate,A,Annual,Y15-74,From 15 to 74 years,THS_PER,Thousand persons,T,Total,CH,Switzerland,2024,,221,,,,,
dataflow,ESTAT:TPS00203(1.0),Total unemployment rate,A,Annual,Y15-74,From 15 to 74 years,THS_PER,Thousand persons,T,Total,CY,Cyprus,2020,,35,,,,,
dataflow,ESTAT:TPS00203(1.0),Total unemployment rate,A,Annual,Y15-74,From 15 to 74 years,THS_PER,Thousand persons,T,Total,CY,Cyprus,2021,,34,,,,,
dataflow,ESTAT:TPS00203(1.0),Total unemployment rate,A,Annual,Y15-74,From 15 to 74 years,THS_PER,Thousand persons,T,Total,CY,Cyprus,2022,,31,,,,,
dataflow,ESTAT:TPS00203(1.0),Total unemployment rate,A,Annual,Y15-74,From 15 to 74 years,THS_PER,Thousand persons,T,Total,CY,Cyprus,2023,,30,,,,,
dataflow,ESTAT:TPS00203(1.0),Total unemployment rate,A,Annual,Y15-74,From 15 to 74 years,THS_PER,Thousand persons,T,Total,CY,Cyprus,2024,,25,,,,,
dataflow,ESTAT:TPS00203(1.0),Total unemployment rate,A,Annual,Y15-74,From 15 to 74 years,THS_PER,Thousand persons,T,Total,CZ,Czechia,2020,,137,,,,,
dataflow,ESTAT:TPS00203(1.0),Total unemployment rate,A,Annual,Y15-74,From 15 to 74 years,THS_PER,Thousand persons,T,Total,CZ,Czechia,2021,,150,,,,,
dataflow,ESTAT:TPS00203(1.0),Total unemployment rate,A,Annual,Y15-74,From 15 to 74 years,THS_PER,Thousand persons,T,Total,CZ,Czechia,2022,,118,,,,,
dataflow,ESTAT:TPS00203(1.0),Total unemployment rate,A,Annual,Y15-74,From 15 to 74 years,THS_PER,Thousand persons,T,Total,CZ,Czechia,2023,,134,,,,,
dataflow,ESTAT:TPS00203(1.0),Total unemployment rate,A,Annual,Y15-74,From 15 to 74 years,THS_PER,Thousand persons,T,Total,CZ,Czechia,2024,,139,,,,,
dataflow,ESTAT:TPS00203(1.0),Total unemployment rate,A,Annual,Y15-74,From 15 to 74 years,THS_PER,Thousand persons,T,Total,DE,Germany,2020,,1512,,b,break in time series,,
dataflow,ESTAT:TPS00203(1.0),Total unemployment rate,A,Annual,Y15-74,From 15 to 74 years,THS_PER,Thousand persons,T,Total,DE,Germany,2021,,1517,,,,,
dataflow,ESTAT:TPS00203(1.0),Total unemployment rate,A,Annual,Y15-74,From 15 to 74 years,THS_PER,Thousand persons,T,Total,DE,Germany,2022,,1355,,,,,
dataflow,ESTAT:TPS00203(1.0),Total unemployment rate,A,Annual,Y15-74,From 15 to 74 years,THS_PER,Thousand persons,T,Total,DE,Germany,2023,,1342,,,,,
dataflow,ESTAT:TPS00203(1.0),Total unemployment rate,A,Annual,Y15-74,From 15 to 74 years,THS_PER,Thousand persons,T,Total,DE,Germany,2024,,1490,,,,,
dataflow,ESTAT:TPS00203(1.0),Total unemployment rate,A,Annual,Y15-74,From 15 to 74 years,THS_PER,Thousand persons,T,Total,DK,Denmark,2020,,171,,,,,
dataflow,ESTAT:TPS00203(1.0),Total unemployment rate,A,Annual,Y15-74,From 15 to 74 years,THS_PER,Thousand persons,T,Total,DK,Denmark,2021,,155,,,,,
dataflow,ESTAT:TPS00203(1.0),Total unemployment rate,A,Annual,Y15-74,From 15 to 74 years,THS_PER,Thousand persons,T,Total,DK,Denmark,2022,,139,,,,,
dataflow,ESTAT:TPS00203(1.0),Total unemployment rate,A,Annual,Y15-74,From 15 to 74 years,THS_PER,Thousand persons,T,Total,DK,Denmark,2023,,162,,b,break in time series,,
dataflow,ESTAT:TPS00203(1.0),Total unemployment rate,A,Annual,Y15-74,From 15 to 74 years,THS_PER,Thousand persons,T,Total,DK,Denmark,2024,,202,,,,,
dataflow,ESTAT:TPS00203(1.0),Total unemployment rate,A,Annual,Y15-74,From 15 to 74 years,THS_PER,Thousand persons,T,Total,EE,Estonia,2020,,48,,,,,
dataflow,ESTAT:TPS00203(1.0),Total unemployment rate,A,Annual,Y15-74,From 15 to 74 years,THS_PER,Thousand persons,T,Total,EE,Estonia,2021,,43,,,,,
dataflow,ESTAT:TPS00203(1.0),Total unemployment rate,A,Annual,Y15-74,From 15 to 74 years,THS_PER,Thousand persons,T,Total,EE,Estonia,2022,,40,,,,,
dataflow,ESTAT:TPS00203(1.0),Total unemployment rate,A,Annual,Y15-74,From 15 to 74 years,THS_PER,Thousand persons,T,Total,EE,Estonia,2023,,48,,,,,
dataflow,ESTAT:TPS00203(1.0),Total unemployment rate,A,Annual,Y15-74,From 15 to 74 years,THS_PER,Thousand persons,T,Total,EE,Estonia,2024,,57,,,,,
dataflow,ESTAT:TPS00203(1.0),Total unemployment rate,A,Annual,Y15-74,From 15 to 74 years,THS_PER,Thousand persons,T,Total,EL,Greece,2020,,791,,,,,
dataflow,ESTAT:TPS00203(1.0),Total unemployment rate,A,Annual,Y15-74,From 15 to 74 years,THS_PER,Thousand persons,T,Total,EL,Greece,2021,,678,,,,,
dataflow,ESTAT:TPS00203(1.0),Total unemployment rate,A,Annual,Y15-74,From 15 to 74 years,THS_PER,Thousand persons,T,Total,EL,Greece,2022,,588,,,,,
dataflow,ESTAT:TPS00203(1.0),Total unemployment rate,A,Annual,Y15-74,From 15 to 74 years,THS_PER,Thousand persons,T,Total,EL,Greece,2023,,522,,,,,
dataflow,ESTAT:TPS00203(1.0),Total unemployment rate,A,Annual,Y15-74,From 15 to 74 years,THS_PER,Thousand persons,T,Total,EL,Greece,2024,,480,,,,,
dataflow,ESTAT:TPS00203(1.0),Total unemployment rate,A,Annual,Y15-74,From 15 to 74 years,THS_PER,Thousand persons,T,Total,ES,Spain,2020,,3531,,,,,
dataflow,ESTAT:TPS00203(1.0),Total unemployment rate,A,Annual,Y15-74,From 15 to 74 years,THS_PER,Thousand persons,T,Total,ES,Spain,2021,,3476,,d,definition differs (see metadata),,
dataflow,ESTAT:TPS00203(1.0),Total unemployment rate,A,Annual,Y15-74,From 15 to 74 years,THS_PER,Thousand persons,T,Total,ES,Spain,2022,,3079,,d,definition differs (see metadata),,
dataflow,ESTAT:TPS00203(1.0),Total unemployment rate,A,Annual,Y15-74,From 15 to 74 years,THS_PER,Thousand persons,T,Total,ES,Spain,2023,,2937,,d,definition differs (see metadata),,
dataflow,ESTAT:TPS00203(1.0),Total unemployment rate,A,Annual,Y15-74,From 15 to 74 years,THS_PER,Thousand persons,T,Total,ES,Spain,2024,,2771,,d,definition differs (see metadata),,
dataflow,ESTAT:TPS00203(1.0),Total unemployment rate,A,Annual,Y15-74,From 15 to 74 years,THS_PER,Thousand persons,T,Total,EU27_2020,European Union - 27 countries (from 2020),2020,,15135,,,,,
dataflow,ESTAT:TPS00203(1.0),Total unemployment rate,A,Annual,Y15-74,From 15 to 74 years,THS_PER,Thousand persons,T,Total,EU27_2020,European Union - 27 countries (from 2020),2021,,14987,,,,,
dataflow,ESTAT:TPS00203(1.0),Total unemployment rate,A,Annual,Y15-74,From 15 to 74 years,THS_PER,Thousand persons,T,Total,EU27_2020,European Union - 27 countries (from 2020),2022,,13318,,,,,
dataflow,ESTAT:TPS00203(1.0),Total unemployment rate,A,Annual,Y15-74,From 15 to 74 years,THS_PER,Thousand persons,T,Total,EU27_2020,European Union - 27 countries (from 2020),2023,,13185,,,,,
dataflow,ESTAT:TPS00203(1.0),Total unemployment rate,A,Annual,Y15-74,From 15 to 74 years,THS_PER,Thousand persons,T,Total,EU27_2020,European Union - 27 countries (from 2020),2024,,13049,,,,,
dataflow,ESTAT:TPS00203(1.0),Total unemployment rate,A,Annual,Y15-74,From 15 to 74 years,THS_PER,Thousand persons,T,Total,FI,Finland,2020,,209,,,,,
dataflow,ESTAT:TPS00203(1.0),Total unemployment rate,A,Annual,Y15-74,From 15 to 74 years,THS_PER,Thousand persons,T,Total,FI,Finland,2021,,212,,,,,
dataflow,ESTAT:TPS00203(1.0),Total unemployment rate,A,Annual,Y15-74,From 15 to 74 years,THS_PER,Thousand persons,T,Total,FI,Finland,2022,,190,,,,,
dataflow,ESTAT:TPS00203(1.0),Total unemployment rate,A,Annual,Y15-74,From 15 to 74 years,THS_PER,Thousand persons,T,Total,FI,Finland,2023,,204,,,,,
dataflow,ESTAT:TPS00203(1.0),Total unemployment rate,A,Annual,Y15-74,From 15 to 74 years,THS_PER,Thousand persons,T,Total,FI,Finland,2024,,238,,,,,
dataflow,ESTAT:TPS00203(1.0),Total unemployment rate,A,Annual,Y15-74,From 15 to 74 years,THS_PER,Thousand persons,T,Total,FR,France,2020,,2381,,,,,
dataflow,ESTAT:TPS00203(1.0),Total unemployment rate,A,Annual,Y15-74,From 15 to 74 years,THS_PER,Thousand persons,T,Total,FR,France,2021,,2365,,d,definition differs (see metadata),,
dataflow,ESTAT:TPS00203(1.0),Total unemployment rate,A,Annual,Y15-74,From 15 to 74 years,THS_PER,Thousand persons,T,Total,FR,France,2022,,2234,,d,definition differs (see metadata),,
dataflow,ESTAT:TPS00203(1.0),Total unemployment rate,A,Annual,Y15-74,From 15 to 74 years,THS_PER,Thousand persons,T,Total,FR,France,2023,,2263,,d,definition differs (see metadata),,
dataflow,ESTAT:TPS00203(1.0),Total unemployment rate,A,Annual,Y15-74,From 15 to 74 years,THS_PER,Thousand persons,T,Total,FR,France,2024,,2311,,d,definition differs (see metadata),,
dataflow,ESTAT:TPS00203(1.0),Total unemployment rate,A,Annual,Y15-74,From 15 to 74 years,THS_PER,Thousand persons,T,Total,HR,Croatia,2020,,125,,,,,
dataflow,ESTAT:TPS00203(1.0),Total unemployment rate,A,Annual,Y15-74,From 15 to 74 years,THS_PER,Thousand persons,T,Total,HR,Croatia,2021,,128,,,,,
dataflow,ESTAT:TPS00203(1.0),Total unemployment rate,A,Annual,Y15-74,From 15 to 74 years,THS_PER,Thousand persons,T,Total,HR,Croatia,2022,,117,,,,,
dataflow,ESTAT:TPS00203(1.0),Total unemployment rate,A,Annual,Y15-74,From 15 to 74 years,THS_PER,Thousand persons,T,Total,HR,Croatia,2023,,106,,,,,
dataflow,ESTAT:TPS00203(1.0),Total unemployment rate,A,Annual,Y15-74,From 15 to 74 years,THS_PER,Thousand persons,T,Total,HR,Croatia,2024,,89,,,,,
dataflow,ESTAT:TPS00203(1.0),Total unemployment rate,A,Annual,Y15-74,From 15 to 74 years,THS_PER,Thousand persons,T,Total,HU,Hungary,2020,,196,,,,,
dataflow,ESTAT:TPS00203(1.0),Total unemployment rate,A,Annual,Y15-74,From 15 to 74 years,THS_PER,Thousand persons,T,Total,HU,Hungary,2021,,193,,,,,
dataflow,ESTAT:TPS00203(1.0),Total unemployment rate,A,Annual,Y15-74,From 15 to 74 years,THS_PER,Thousand persons,T,Total,HU,Hungary,2022,,174,,,,,
dataflow,ESTAT:TPS00203(1.0),Total unemployment rate,A,Annual,Y15-74,From 15 to 74 years,THS_PER,Thousand persons,T,Total,HU,Hungary,2023,,201,,,,,
dataflow,ESTAT:TPS00203(1.0),Total unemployment rate,A,Annual,Y15-74,From 15 to 74 years,THS_PER,Thousand persons,T,Total,HU,Hungary,2024,,220,,,,,
dataflow,ESTAT:TPS00203(1.0),Total unemployment rate,A,Annual,Y15-74,From 15 to 74 years,THS_PER,Thousand persons,T,Total,IE,Ireland,2020,,139,,,,,
dataflow,ESTAT:TPS00203(1.0),Total unemployment rate,A,Annual,Y15-74,From 15 to 74 years,THS_PER,Thousand persons,T,Total,IE,Ireland,2021,,160,,b,break in time series,,
dataflow,ESTAT:TPS00203(1.0),Total unemployment rate,A,Annual,Y15-74,From 15 to 74 years,THS_PER,Thousand persons,T,Total,IE,Ireland,2022,,121,,,,,
dataflow,ESTAT:TPS00203(1.0),Total unemployment rate,A,Annual,Y15-74,From 15 to 74 years,THS_PER,Thousand persons,T,Total,IE,Ireland,2023,,120,,,,,
dataflow,ESTAT:TPS00203(1.0),Total unemployment rate,A,Annual,Y15-74,From 15 to 74 years,THS_PER,Thousand persons,T,Total,IE,Ireland,2024,,123,,,,,
dataflow,ESTAT:TPS00203(1.0),Total unemployment rate,A,Annual,Y15-74,From 15 to 74 years,THS_PER,Thousand persons,T,Total,IS,Iceland,2020,,11,,b,break in time series,,
dataflow,ESTAT:TPS00203(1.0),Total unemployment rate,A,Annual,Y15-74,From 15 to 74 years,THS_PER,Thousand persons,T,Total,IS,Iceland,2021,,13,,,,,
dataflow,ESTAT:TPS00203(1.0),Total unemployment rate,A,Annual,Y15-74,From 15 to 74 years,THS_PER,Thousand persons,T,Total,IS,Iceland,2022,,8,,,,,
dataflow,ESTAT:TPS00203(1.0),Total unemployment rate,A,Annual,Y15-74,From 15 to 74 years,THS_PER,Thousand persons,T,Total,IS,Iceland,2023,,8,,,,,
dataflow,ESTAT:TPS00203(1.0),Total unemployment rate,A,Annual,Y15-74,From 15 to 74 years,THS_PER,Thousand persons,T,Total,IS,Iceland,2024,,8,,,,,
dataflow,ESTAT:TPS00203(1.0),Total unemployment rate,A,Annual,Y15-74,From 15 to 74 years,THS_PER,Thousand persons,T,Total,IT,Italy,2020,,2301,,,,,
dataflow,ESTAT:TPS00203(1.0),Total unemployment rate,A,Annual,Y15-74,From 15 to 74 years,THS_PER,Thousand persons,T,Total,IT,Italy,2021,,2367,,,,,
dataflow,ESTAT:TPS00203(1.0),Total unemployment rate,A,Annual,Y15-74,From 15 to 74 years,THS_PER,Thousand persons,T,Total,IT,Italy,2022,,2027,,,,,
dataflow,ESTAT:TPS00203(1.0),Total unemployment rate,A,Annual,Y15-74,From 15 to 74 years,THS_PER,Thousand persons,T,Total,IT,Italy,2023,,1947,,,,,
dataflow,ESTAT:TPS00203(1.0),Total unemployment rate,A,Annual,Y15-74,From 15 to 74 years,THS_PER,Thousand persons,T,Total,IT,Italy,2024,,1664,,,,,
dataflow,ESTAT:TPS00203(1.0),Total unemployment rate,A,Annual,Y15-74,From 15 to 74 years,THS_PER,Thousand persons,T,Total,LT,Lithuania,2020,,126,,,,,
dataflow,ESTAT:TPS00203(1.0),Total unemployment rate,A,Annual,Y15-74,From 15 to 74 years,THS_PER,Thousand persons,T,Total,LT,Lithuania,2021,,105,,,,,
dataflow,ESTAT:TPS00203(1.0),Total unemployment rate,A,Annual,Y15-74,From 15 to 74 years,THS_PER,Thousand persons,T,Total,LT,Lithuania,2022,,90,,,,,
dataflow,ESTAT:TPS00203(1.0),Total unemployment rate,A,Annual,Y15-74,From 15 to 74 years,THS_PER,Thousand persons,T,Total,LT,Lithuania,2023,,106,,,,,
dataflow,ESTAT:TPS00203(1.0),Total unemployment rate,A,Annual,Y15-74,From 15 to 74 years,THS_PER,Thousand persons,T,Total,LT,Lithuania,2024,,112,,,,,
dataflow,ESTAT:TPS00203(1.0),Total unemployment rate,A,Annual,Y15-74,From 15 to 74 years,THS_PER,Thousand persons,T,Total,LU,Luxembourg,2020,,21,,,,,
dataflow,ESTAT:TPS00203(1.0),Total unemployment rate,A,Annual,Y15-74,From 15 to 74 years,THS_PER,Thousand persons,T,Total,LU,Luxembourg,2021,,17,,,,,
dataflow,ESTAT:TPS00203(1.0),Total unemployment rate,A,Annual,Y15-74,From 15 to 74 years,THS_PER,Thousand persons,T,Total,LU,Luxembourg,2022,,15,,,,,
dataflow,ESTAT:TPS00203(1.0),Total unemployment rate,A,Annual,Y15-74,From 15 to 74 years,THS_PER,Thousand persons,T,Total,LU,Luxembourg,2023,,18,,,,,
dataflow,ESTAT:TPS00203(1.0),Total unemployment rate,A,Annual,Y15-74,From 15 to 74 years,THS_PER,Thousand persons,T,Total,LU,Luxembourg,2024,,22,,,,,
dataflow,ESTAT:TPS00203(1.0),Total unemployment rate,A,Annual,Y15-74,From 15 to 74 years,THS_PER,Thousand persons,T,Total,LV,Latvia,2020,,79,,,,,
dataflow,ESTAT:TPS00203(1.0),Total unemployment rate,A,Annual,Y15-74,From 15 to 74 years,THS_PER,Thousand persons,T,Total,LV,Latvia,2021,,71,,,,,
dataflow,ESTAT:TPS00203(1.0),Total unemployment rate,A,Annual,Y15-74,From 15 to 74 years,THS_PER,Thousand persons,T,Total,LV,Latvia,2022,,65,,,,,
dataflow,ESTAT:TPS00203(1.0),Total unemployment rate,A,Annual,Y15-74,From 15 to 74 years,THS_PER,Thousand persons,T,Total,LV,Latvia,2023,,62,,,,,
dataflow,ESTAT:TPS00203(1.0),Total unemployment rate,A,Annual,Y15-74,From 15 to 74 years,THS_PER,Thousand persons,T,Total,LV,Latvia,2024,,65,,,,,
dataflow,ESTAT:TPS00203(1.0),Total unemployment rate,A,Annual,Y15-74,From 15 to 74 years,THS_PER,Thousand persons,T,Total,ME,Montenegro,2020,,48,,,,,
dataflow,ESTAT:TPS00203(1.0),Total unemployment rate,A,Annual,Y15-74,From 15 to 74 years,THS_PER,Thousand persons,T,Total,MK,North Macedonia,2020,,156,,,,,
dataflow,ESTAT:TPS00203(1.0),Total unemployment rate,A,Annual,Y15-74,From 15 to 74 years,THS_PER,Thousand persons,T,Total,MT,Malta,2020,,13,,,,,
dataflow,ESTAT:TPS00203(1.0),Total unemployment rate,A,Annual,Y15-74,From 15 to 74 years,THS_PER,Thousand persons,T,Total,MT,Malta,2021,,10,,,,,
dataflow,ESTAT:TPS00203(1.0),Total unemployment rate,A,Annual,Y15-74,From 15 to 74 years,THS_PER,Thousand persons,T,Total,MT,Malta,2022,,10,,,,,
dataflow,ESTAT:TPS00203(1.0),Total unemployment rate,A,Annual,Y15-74,From 15 to 74 years,THS_PER,Thousand persons,T,Total,MT,Malta,2023,,11,,,,,
dataflow,ESTAT:TPS00203(1.0),Total unemployment rate,A,Annual,Y15-74,From 15 to 74 years,THS_PER,Thousand persons,T,Total,MT,Malta,2024,,10,,,,,
dataflow,ESTAT:TPS00203(1.0),Total unemployment rate,A,Annual,Y15-74,From 15 to 74 years,THS_PER,Thousand persons,T,Total,NL,Netherlands,2020,,466,,,,,
dataflow,ESTAT:TPS00203(1.0),Total unemployment rate,A,Annual,Y15-74,From 15 to 74 years,THS_PER,Thousand persons,T,Total,NL,Netherlands,2021,,408,,,,,
dataflow,ESTAT:TPS00203(1.0),Total unemployment rate,A,Annual,Y15-74,From 15 to 74 years,THS_PER,Thousand persons,T,Total,NL,Netherlands,2022,,350,,,,,
dataflow,ESTAT:TPS00203(1.0),Total unemployment rate,A,Annual,Y15-74,From 15 to 74 years,THS_PER,Thousand persons,T,Total,NL,Netherlands,2023,,359,,,,,
dataflow,ESTAT:TPS00203(1.0),Total unemployment rate,A,Annual,Y15-74,From 15 to 74 years,THS_PER,Thousand persons,T,Total,NL,Netherlands,2024,,372,,,,,
dataflow,ESTAT:TPS00203(1.0),Total unemployment rate,A,Annual,Y15-74,From 15 to 74 years,THS_PER,Thousand persons,T,Total,NO,Norway,2020,,136,,,,,
dataflow,ESTAT:TPS00203(1.0),Total unemployment rate,A,Annual,Y15-74,From 15 to 74 years,THS_PER,Thousand persons,T,Total,NO,Norway,2021,,128,,,,,
dataflow,ESTAT:TPS00203(1.0),Total unemployment rate,A,Annual,Y15-74,From 15 to 74 years,THS_PER,Thousand persons,T,Total,NO,Norway,2022,,96,,,,,
dataflow,ESTAT:TPS00203(1.0),Total unemployment rate,A,Annual,Y15-74,From 15 to 74 years,THS_PER,Thousand persons,T,Total,NO,Norway,2023,,107,,,,,
dataflow,ESTAT:TPS00203(1.0),Total unemployment rate,A,Annual,Y15-74,From 15 to 74 years,THS_PER,Thousand persons,T,Total,NO,Norway,2024,,121,,,,,
dataflow,ESTAT:TPS00203(1.0),Total unemployment rate,A,Annual,Y15-74,From 15 to 74 years,THS_PER,Thousand persons,T,Total,PL,Poland,2020,,552,,,,,
dataflow,ESTAT:TPS00203(1.0),Total unemployment rate,A,Annual,Y15-74,From 15 to 74 years,THS_PER,Thousand persons,T,Total,PL,Poland,2021,,599,,,,,
dataflow,ESTAT:TPS00203(1.0),Total unemployment rate,A,Annual,Y15-74,From 15 to 74 years,THS_PER,Thousand persons,T,Total,PL,Poland,2022,,511,,,,,
dataflow,ESTAT:TPS00203(1.0),Total unemployment rate,A,Annual,Y15-74,From 15 to 74 years,THS_PER,Thousand persons,T,Total,PL,Poland,2023,,502,,,,,
dataflow,ESTAT:TPS00203(1.0),Total unemployment rate,A,Annual,Y15-74,From 15 to 74 years,THS_PER,Thousand persons,T,Total,PL,Poland,2024,,512,,,,,
dataflow,ESTAT:TPS00203(1.0),Total unemployment rate,A,Annual,Y15-74,From 15 to 74 years,THS_PER,Thousand persons,T,Total,PT,Portugal,2020,,354,,,,,
dataflow,ESTAT:TPS00203(1.0),Total unemployment rate,A,Annual,Y15-74,From 15 to 74 years,THS_PER,Thousand persons,T,Total,PT,Portugal,2021,,344,,,,,
dataflow,ESTAT:TPS00203(1.0),Total unemployment rate,A,Annual,Y15-74,From 15 to 74 years,THS_PER,Thousand persons,T,Total,PT,Portugal,2022,,323,,,,,
dataflow,ESTAT:TPS00203(1.0),Total unemployment rate,A,Annual,Y15-74,From 15 to 74 years,THS_PER,Thousand persons,T,Total,PT,Portugal,2023,,351,,,,,
dataflow,ESTAT:TPS00203(1.0),Total unemployment rate,A,Annual,Y15-74,From 15 to 74 years,THS_PER,Thousand persons,T,Total,PT,Portugal,2024,,351,,,,,
dataflow,ESTAT:TPS00203(1.0),Total unemployment rate,A,Annual,Y15-74,From 15 to 74 years,THS_PER,Thousand persons,T,Total,RO,Romania,2020,,497,,,,,
dataflow,ESTAT:TPS00203(1.0),Total unemployment rate,A,Annual,Y15-74,From 15 to 74 years,THS_PER,Thousand persons,T,Total,RO,Romania,2021,,459,,,,,
dataflow,ESTAT:TPS00203(1.0),Total unemployment rate,A,Annual,Y15-74,From 15 to 74 years,THS_PER,Thousand persons,T,Total,RO,Romania,2022,,465,,,,,
dataflow,ESTAT:TPS00203(1.0),Total unemployment rate,A,Annual,Y15-74,From 15 to 74 years,THS_PER,Thousand persons,T,Total,RO,Romania,2023,,456,,,,,
dataflow,ESTAT:TPS00203(1.0),Total unemployment rate,A,Annual,Y15-74,From 15 to 74 years,THS_PER,Thousand persons,T,Total,RO,Romania,2024,,451,,,,,
dataflow,ESTAT:TPS00203(1.0),Total unemployment rate,A,Annual,Y15-74,From 15 to 74 years,THS_PER,Thousand persons,T,Total,RS,Serbia,2020,,299,,,,,
dataflow,ESTAT:TPS00203(1.0),Total unemployment rate,A,Annual,Y15-74,From 15 to 74 years,THS_PER,Thousand persons,T,Total,RS,Serbia,2021,,344,,,,,
dataflow,ESTAT:TPS00203(1.0),Total unemployment rate,A,Annual,Y15-74,From 15 to 74 years,THS_PER,Thousand persons,T,Total,RS,Serbia,2022,,296,,,,,
dataflow,ESTAT:TPS00203(1.0),Total unemployment rate,A,Annual,Y15-74,From 15 to 74 years,THS_PER,Thousand persons,T,Total,RS,Serbia,2023,,296,,,,,
dataflow,ESTAT:TPS00203(1.0),Total unemployment rate,A,Annual,Y15-74,From 15 to 74 years,THS_PER,Thousand persons,T,Total,RS,Serbia,2024,,272,,,,,
dataflow,ESTAT:TPS00203(1.0),Total unemployment rate,A,Annual,Y15-74,From 15 to 74 years,THS_PER,Thousand persons,T,Total,SE,Sweden,2020,,466,,,,,
dataflow,ESTAT:TPS00203(1.0),Total unemployment rate,A,Annual,Y15-74,From 15 to 74 years,THS_PER,Thousand persons,T,Total,SE,Sweden,2021,,493,,,,,
dataflow,ESTAT:TPS00203(1.0),Total unemployment rate,A,Annual,Y15-74,From 15 to 74 years,THS_PER,Thousand persons,T,Total,SE,Sweden,2022,,421,,,,,
dataflow,ESTAT:TPS00203(1.0),Total unemployment rate,A,Annual,Y15-74,From 15 to 74 years,THS_PER,Thousand persons,T,Total,SE,Sweden,2023,,440,,,,,
dataflow,ESTAT:TPS00203(1.0),Total unemployment rate,A,Annual,Y15-74,From 15 to 74 years,THS_PER,Thousand persons,T,Total,SE,Sweden,2024,,480,,,,,
dataflow,ESTAT:TPS00203(1.0),Total unemployment rate,A,Annual,Y15-74,From 15 to 74 years,THS_PER,Thousand persons,T,Total,SI,Slovenia,2020,,51,,,,,
dataflow,ESTAT:TPS00203(1.0),Total unemployment rate,A,Annual,Y15-74,From 15 to 74 years,THS_PER,Thousand persons,T,Total,SI,Slovenia,2021,,48,,,,,
dataflow,ESTAT:TPS00203(1.0),Total unemployment rate,A,Annual,Y15-74,From 15 to 74 years,THS_PER,Thousand persons,T,Total,SI,Slovenia,2022,,41,,,,,
dataflow,ESTAT:TPS00203(1.0),Total unemployment rate,A,Annual,Y15-74,From 15 to 74 years,THS_PER,Thousand persons,T,Total,SI,Slovenia,2023,,38,,,,,
dataflow,ESTAT:TPS00203(1.0),Total unemployment rate,A,Annual,Y15-74,From 15 to 74 years,THS_PER,Thousand persons,T,Total,SI,Slovenia,2024,,38,,,,,
dataflow,ESTAT:TPS00203(1.0),Total unemployment rate,A,Annual,Y15-74,From 15 to 74 years,THS_PER,Thousand persons,T,Total,SK,Slovakia,2020,,186,,,,,
dataflow,ESTAT:TPS00203(1.0),Total unemployment rate,A,Annual,Y15-74,From 15 to 74 years,THS_PER,Thousand persons,T,Total,SK,Slovakia,2021,,188,,,,,
dataflow,ESTAT:TPS00203(1.0),Total unemployment rate,A,Annual,Y15-74,From 15 to 74 years,THS_PER,Thousand persons,T,Total,SK,Slovakia,2022,,170,,,,,
dataflow,ESTAT:TPS00203(1.0),Total unemployment rate,A,Annual,Y15-74,From 15 to 74 years,THS_PER,Thousand persons,T,Total,SK,Slovakia,2023,,162,,,,,
dataflow,ESTAT:TPS00203(1.0),Total unemployment rate,A,Annual,Y15-74,From 15 to 74 years,THS_PER,Thousand persons,T,Total,SK,Slovakia,2024,,148,,,,,
dataflow,ESTAT:TPS00203(1.0),Total unemployment rate,A,Annual,Y15-74,From 15 to 74 years,THS_PER,Thousand persons,T,Total,TR,Türkiye,2020,,4045,,,,,
dataflow,ESTAT:TPS00203(1.0),Total unemployment rate,A,Annual,Y15-74,From 15 to 74 years,THS_PER,Thousand persons,T,Total,TR,Türkiye,2021,,3915,,b,break in time series,,
dataflow,ESTAT:TPS00203(1.0),Total unemployment rate,A,Annual,Y15-74,From 15 to 74 years,THS_PER,Thousand persons,T,Total,TR,Türkiye,2022,,3591,,,,,
dataflow,ESTAT:TPS00203(1.0),Total unemployment rate,A,Annual,Y15-74,From 15 to 74 years,THS_PER,Thousand persons,T,Total,TR,Türkiye,2023,,3274,,,,,
dataflow,ESTAT:TPS00203(1.0),Total unemployment rate,A,Annual,Y15-74,From 15 to 74 years,THS_PER,Thousand persons,T,Total,TR,Türkiye,2024,,3113,,,,,
